player,date,time,id,item,itemID,itemString,response,votes,class,instance,boss,difficultyID,mapID,groupSize,gear1,gear2,responseID,isAwardReason,subType,equipLoc,note,owner
Kabbin-Windseeker,10/10/21,18:19:37,1633922377-4,[Leggings of the Fallen Defender],29767,item:29767::::::::70,Mainspec,0,WARRIOR,Gruul's Lair-25 Player,Gruul the Dragonkiller,4,565,25,|cff0070dd|Hitem:28175::::::::70:::::::::|h[Mag'hari Warlord's Legplates]|h|r,,1,false,Junk,,,Gruul the Dragonkiller
Kabbin-Windseeker,10/10/21,18:45:40,1633923940-9,[Chestguard of the Fallen Defender],29753,item:29753::::::::70,Mainspec,0,WARRIOR,Magtheridon's Lair-25 Player,Magtheridon,4,544,25,|cff0070dd|Hitem:31548::::::::70:::::::::|h[Blackened Chestplate]|h|r,,1,false,Junk,,,Magtheridon
Kabbin-Windseeker,10/17/21,18:03:06,1634526186-0,[Pauldrons of the Fallen Defender],29764,item:29764::::::::70,Mainspec,0,WARRIOR,Gruul's Lair-25 Player,High King Maulgar,4,565,25,|cff0070dd|Hitem:27803::28468:28463:::::70:::::::::|h[Shoulderguards of the Bold]|h|r,,1,false,Junk,,,High King Maulgar
Ebonsky-Windseeker,6/29/21,20:28:26,1625030906-3,[Windshear Boots],28810,item:28810::::::::70,Minor Upgrade,0,SHAMAN,Gruul's Lair-25 Player,Gruul the Dragonkiller,176,565,25,|cff0070dd|Hitem:28179::24056:24059:::::70::::::::|h[Shattrath Jumpers]|h|r,,2,false,Mail,Feet,,Gruul the Dragonkiller
Ebonsky-Windseeker,8/03/21,19:27:00,1628051220-2,[Leggings of the Fallen Champion],29766,item:29766::::::::70,Mainspec,0,SHAMAN,Gruul's Lair-25 Player,Gruul the Dragonkiller,176,565,25,|cff0070dd|Hitem:29141:2747:24030:24056:24056::::70::::::::|h[Tempest Leggings]|h|r,,1,false,Junk,,,Gruul the Dragonkiller
Ebonsky-Windseeker,8/10/21,19:08:15,1628654895-0,[Pauldrons of the Fallen Champion],29763,item:29763::::::::70,Mainspec,0,SHAMAN,Gruul's Lair-25 Player,High King Maulgar,176,565,25,|cffa335ee|Hitem:32078::::::::70::::::::|h[Pauldrons of Wild Magic]|h|r,,1,false,Junk,,,High King Maulgar
Ebonsky-Windseeker,8/31/21,19:13:48,1630469628-0,[Belt of Divine Inspiration],28799,item:28799::::::::70,Mainspec,0,SHAMAN,Gruul's Lair-25 Player,High King Maulgar,176,565,25,|cffa335ee|Hitem:28654::::::::70:::::::::|h[Malefic Girdle]|h|r,,1,false,Cloth,Waist,,High King Maulgar
Booyaa-Windseeker,6/27/21,14:41:35,1624837295-0,[Boots of the Incorrupt],28663,item:28663:2649:::::::70,Mainspec,0,SHAMAN,Ragefire Chasm-Normal,Unknown,1,389,5,|cff0070dd|Hitem:14616:904:::::::70::::::::|h[Bloodmail Boots]|h|r,,1,false,Cloth,Feet,,Majila-Windseeker
Iea-Windseeker,7/27/21,20:33:46,1627450426-5,[Chestguard of the Fallen Hero],29755,item:29755::::::::70,Mainspec,0,WARLOCK,Magtheridon's Lair-25 Player,Magtheridon,176,544,25,|cff0070dd|Hitem:28232:2841:31861:31861:31861::::70::::::::|h[Robe of Oblivion]|h|r,,1,false,Junk,,,Magtheridon
Iea-Windseeker,8/17/21,19:02:54,1629259374-0,[Pauldrons of the Fallen Hero],29762,item:29762::::::::70,Mainspec,0,WARLOCK,Gruul's Lair-25 Player,High King Maulgar,176,565,25,|cff0070dd|Hitem:27778:2994:31861:31861:::::70::::::::|h[Spaulders of Oblivion]|h|r,,1,false,Junk,,,High King Maulgar
Iea-Windseeker,9/07/21,19:51:04,1631076664-9,[Karaborian Talisman],28781,item:28781::::::::70,Offspec,0,WARLOCK,Magtheridon's Lair-25 Player,Magtheridon,176,544,25,|cffa335ee|Hitem:29270::::::::70:::::::::|h[Flametongue Seal]|h|r,,3,false,Miscellaneous,Held In Off-hand,warlock tank spec,Magtheridon
Akaaly-Windseeker,7/27/21,20:34:19,1627450459-8,[Magtheridon's Head],32386,item:32386::::::::70,Mainspec,0,DRUID,Magtheridon's Lair-25 Player,Magtheridon,176,544,25,,,1,false,Junk,,,Magtheridon
Akaaly-Windseeker,8/10/21,19:08:32,1628654912-1,[Malefic Mask of the Shadows],28796,item:28796::::::::70,Offspec,0,DRUID,Gruul's Lair-25 Player,High King Maulgar,176,565,25,|cffa335ee|Hitem:29086:3001:24029:25901:::::70::::::::|h[Crown of Malorne]|h|r,,3,false,Leather,Head,,High King Maulgar
Akaaly-Windseeker,8/24/21,21:01:15,1629871275-1,[Chestguard of the Fallen Defender],29753,item:29753::::::::70,Mainspec,0,DRUID,Magtheridon's Lair-25 Player,Magtheridon,176,544,25,|cff0070dd|Hitem:27456::::::::70::::::::|h[Raiments of Nature's Breath]|h|r,,1,false,Junk,,,Magtheridon
Deadliskye-Windseeker,7/08/21,20:51:28,1625809888-3,[Magtheridon's Head],32386,item:32386::::::::70,Mainspec,0,WARLOCK,Magtheridon's Lair-25 Player,Magtheridon,176,544,25,,,1,false,Junk,,,Magtheridon
Deadliskye-Windseeker,7/20/21,20:11:40,1626844300-6,[Eye of Magtheridon],28789,item:28789::::::::70,Mainspec,0,WARLOCK,Magtheridon's Lair-25 Player,Magtheridon,176,544,25,|cff0070dd|Hitem:29132::::::::70::::::::|h[Scryer's Bloodgem]|h|r,|cff0070dd|Hitem:28418::::::::70::::::::|h[Shiffar's Nexus-Horn]|h|r,1,false,Miscellaneous,Trinket,,Magtheridon
Deadliskye-Windseeker,9/14/21,19:31:05,1631680265-3,[Leggings of the Fallen Hero],29765,item:29765::::::::70,Mainspec,0,WARLOCK,Gruul's Lair-25 Player,Gruul the Dragonkiller,176,565,25,|cffa335ee|Hitem:24262:2748:31861:31861:31861::::70:::::::::|h[Spellstrike Pants]|h|r,,1,false,Junk,,,Gruul the Dragonkiller
Deadliskye-Windseeker,9/21/21,19:32:37,1632285157-1,[Chestguard of the Fallen Hero],29755,item:29755::::::::70,Mainspec,0,WARLOCK,Magtheridon's Lair-25 Player,Magtheridon,4,544,25,|cffa335ee|Hitem:21871:2661:33140:24056:::::70:::::::::|h[Frozen Shadoweave Robe]|h|r,,1,false,Junk,,,Magtheridon
Deadliskye-Windseeker,9/28/21,22:15:58,1632899758-11,[Boots of the Shifting Nightmare],30050,item:30050::::::::70,Mainspec,0,WARLOCK,Coilfang: Serpentshrine Cavern-25 Player,Leotheras the Blind,176,548,25,|cffa335ee|Hitem:21870:2841:31861:31861:::::70:::::::::|h[Frozen Shadoweave Boots]|h|r,,1,false,Cloth,Feet,,Majila-Windseeker
Deadliskye-Windseeker,10/03/21,18:11:23,1633317083-1,[Pauldrons of the Fallen Hero],29762,item:29762::::::::70,Mainspec,0,WARLOCK,Gruul's Lair-25 Player,High King Maulgar,4,565,25,|cffa335ee|Hitem:21869:2605:31861:31861:::::70:::::::::|h[Frozen Shadoweave Shoulders]|h|r,,1,false,Junk,,,High King Maulgar
Deadliskye-Windseeker,10/17/21,18:12:47,1634526767-5,[Bloodmaw Magus-Blade],28802,item:28802::::::::70,Mainspec (Low Priority),0,WARLOCK,Gruul's Lair-25 Player,Gruul the Dragonkiller,4,565,25,|cffa335ee|Hitem:28770:2672:::::::70:::::::::|h[Nathrezim Mindblade]|h|r,,2,false,One-Handed Swords,Main Hand,,Gruul the Dragonkiller
Decandt-Windseeker,7/13/21,20:01:50,1626238910-2,[Teeth of Gruul],28822,item:28822::::::::70,Mainspec,0,DRUID,Gruul's Lair-25 Player,Gruul the Dragonkiller,176,565,25,|cffa335ee|Hitem:21712::::::::70::::::::|h[Amulet of the Fallen God]|h|r,,1,false,Miscellaneous,Neck,,Gruul the Dragonkiller
Decandt-Windseeker,7/20/21,19:39:18,1626842358-2,[Cowl of Nature's Breath],28803,item:28803::::::::70,Mainspec,1,DRUID,Gruul's Lair-25 Player,Gruul the Dragonkiller,176,565,25,|cffa335ee|Hitem:28756:3001:::::::70::::::::|h[Headdress of the High Potentate]|h|r,,1,false,Leather,Head,,Gruul the Dragonkiller
Decandt-Windseeker,8/03/21,19:29:09,1628051349-4,[Collar of Cho'gall],28804,item:28804::::::::70,Offspec,0,DRUID,Gruul's Lair-25 Player,Gruul the Dragonkiller,176,565,25,|cffa335ee|Hitem:29086:3001:24029:25901:::::70::::::::|h[Crown of Malorne]|h|r,,3,false,Cloth,Head,,Gruul the Dragonkiller
Decandt-Windseeker,8/17/21,19:03:16,1629259396-1,[Malefic Mask of the Shadows],28796,item:28796::::::::70,Offspec,0,DRUID,Gruul's Lair-25 Player,High King Maulgar,176,565,25,|cffa335ee|Hitem:28803:3001:::::::70::::::::|h[Cowl of Nature's Breath]|h|r,,3,false,Leather,Head,,High King Maulgar
Decandt-Windseeker,8/17/21,19:39:41,1629261581-8,[Cloak of the Pit Stalker],28777,item:28777::::::::70,Offspec,0,DRUID,Magtheridon's Lair-25 Player,Magtheridon,176,544,25,|cff0070dd|Hitem:28373::::::::70::::::::|h[Cloak of Scintillating Auras]|h|r,,3,false,Cloth,Back,,Magtheridon
Decandt-Windseeker,8/24/21,21:01:58,1629871318-3,[Magtheridon's Head],32386,item:32386::::::::70,Mainspec,0,DRUID,Magtheridon's Lair-25 Player,Magtheridon,176,544,25,,,1,false,Junk,,,Magtheridon
Decandt-Windseeker,9/14/21,19:16:26,1631679386-1,[Pauldrons of the Fallen Defender],29764,item:29764::::::::70,Mainspec,0,DRUID,Gruul's Lair-25 Player,High King Maulgar,176,565,25,|cffa335ee|Hitem:28647::::::::70:::::::::|h[Forest Wind Shoulderpads]|h|r,,1,false,Junk,,,High King Maulgar
Decandt-Windseeker,9/21/21,20:24:04,1632288244-9,[Pauldrons of the Fallen Defender],29764,item:29764::::::::70,Mainspec,0,DRUID,Gruul's Lair-25 Player,High King Maulgar,4,565,25,|cff0070dd|Hitem:27796:2994:28466:28461:::::70:::::::::|h[Mana-Etched Spaulders]|h|r,,1,false,Junk,,,High King Maulgar
Decandt-Windseeker,9/21/21,21:05:56,1632290756-16,[Robe of Hateful Echoes],30056,item:30056::::::::70,Mainspec,0,DRUID,Coilfang: Serpentshrine Cavern-25 Player,Hydross the Unstable,176,548,25,|cff0070dd|Hitem:29341:2661:28469:28469:28461::::70:::::::::|h[Auchenai Anchorite's Robe]|h|r,,1,false,Cloth,Chest,,Hydross the Unstable
Decandt-Windseeker,10/03/21,18:22:08,1633317728-5,[Leggings of the Fallen Defender],29767,item:29767::::::::70,Mainspec,0,DRUID,Gruul's Lair-25 Player,Gruul the Dragonkiller,4,565,25,|cff0070dd|Hitem:27948::::::::70:::::::::|h[Trousers of Oblivion]|h|r,,1,false,Junk,,,Gruul the Dragonkiller
Decandt-Windseeker,10/03/21,18:56:43,1633319803-12,[Karaborian Talisman],28781,item:28781::::::::70,Mainspec,0,DRUID,Magtheridon's Lair-25 Player,Magtheridon,4,544,25,|cff0070dd|Hitem:28260::::::::70:::::::::|h[Manual of the Nethermancer]|h|r,,1,false,Miscellaneous,Held In Off-hand,,Magtheridon
Decandt-Windseeker,10/05/21,19:38:42,1633495122-2,[Wildfury Greatstaff],30021,item:30021::::::::70,Offspec,0,DRUID,Coilfang: Serpentshrine Cavern-25 Player,Unknown,176,548,25,|cff0070dd|Hitem:27741:2669:::::::70:::::::::|h[Bleeding Hollow Warhammer]|h|r,|cffa335ee|Hitem:28781::::::::70:::::::::|h[Karaborian Talisman]|h|r,3,false,Staves,Two-Hand,,Decandt-Windseeker
Decandt-Windseeker,10/19/21,19:17:34,1634703454-3,[Fathomstone],30049,item:30049::::::::70,Mainspec,0,DRUID,Coilfang: Serpentshrine Cavern-25 Player,Hydross the Unstable,176,548,25,|cffa335ee|Hitem:28781::::::::70:::::::::|h[Karaborian Talisman]|h|r,,1,false,Miscellaneous,Held In Off-hand,,Hydross the Unstable
Decandt-Windseeker,10/19/21,22:16:20,1634714180-0,[Belt of Blasting],30038,item:30038::::::::70,Mainspec,0,DRUID,Outland-,Unknown,0,530,0,|cffa335ee|Hitem:28733::::::::70:::::::::|h[Girdle of Truth]|h|r,,1,false,Cloth,Waist,,Majila-Windseeker
Roand-Windseeker,6/29/21,19:41:57,1625028117-1,[Hammer of the Naaru],28800,item:28800::::::::70,Minor Upgrade,0,WARRIOR,Gruul's Lair-25 Player,High King Maulgar,176,565,25,|cffa335ee|Hitem:28573:2667:::::::70::::::::|h[Despair]|h|r,,2,false,Two-Handed Maces,Two-Hand,,High King Maulgar
Roand-Windseeker,7/06/21,19:17:34,1625631454-1,[Bladespire Warbands],28795,item:28795::::::::70,Mainspec,0,WARRIOR,Gruul's Lair-25 Player,High King Maulgar,176,565,25,|cffa335ee|Hitem:19578:1885:::::::70::::::::|h[Berserker Bracers]|h|r,,1,false,Plate,Wrist,,High King Maulgar
Roand-Windseeker,7/13/21,20:40:34,1626241234-5,[Thundering Greathelm],28775,item:28775::::::::70,Mainspec,0,WARRIOR,Magtheridon's Lair-25 Player,Magtheridon,176,544,25,|cff0070dd|Hitem:27408::28458:23116:23116::::70::::::::|h[Hope Bearer Helm]|h|r,,1,false,Plate,Head,,Magtheridon
Roand-Windseeker,8/03/21,19:27:11,1628051231-3,[Gauntlets of Martial Perfection],28824,item:28824::::::::70,Minor Upgrade,0,WARRIOR,Gruul's Lair-25 Player,Gruul the Dragonkiller,176,565,25,|cffa335ee|Hitem:30644:684:::::::70::::::::|h[Grips of Deftness]|h|r,,2,false,Plate,Hands,,Gruul the Dragonkiller
Roand-Windseeker,8/03/21,20:03:42,1628053422-5,[Cloak of the Pit Stalker],28777,item:28777::::::::70,Minor Upgrade,0,WARRIOR,Magtheridon's Lair-25 Player,Magtheridon,176,544,25,|cff0070dd|Hitem:27892::::::::70::::::::|h[Cloak of the Inciter]|h|r,,2,false,Cloth,Back,,Magtheridon
Roand-Windseeker,8/31/21,19:56:36,1630472196-8,[Glaive of the Pit],28774,item:28774::::::::70,Offspec,0,WARRIOR,Magtheridon's Lair-25 Player,Magtheridon,176,544,25,|cffa335ee|Hitem:28773:2673:::::::70:::::::::|h[Gorehowl]|h|r,,3,false,Polearms,Two-Hand,,Magtheridon
Roand-Windseeker,9/07/21,19:23:20,1631075000-4,[Gronn-Stitched Girdle],28828,item:28828::::::::70,Minor Upgrade,0,WARRIOR,Gruul's Lair-25 Player,Gruul the Dragonkiller,176,565,25,|cffa335ee|Hitem:28750::24027:23095:::::70:::::::::|h[Girdle of Treachery]|h|r,,2,false,Leather,Waist,,Gruul the Dragonkiller
Roand-Windseeker,9/14/21,19:31:48,1631680308-6,[Gauntlets of Martial Perfection],28824,item:28824::::::::70,Mainspec,0,WARRIOR,Gruul's Lair-25 Player,Gruul the Dragonkiller,176,565,25,|cffa335ee|Hitem:29020:684:::::::70:::::::::|h[Warbringer Gauntlets]|h|r,,1,false,Plate,Hands,,Gruul the Dragonkiller
Roand-Windseeker,9/21/21,20:24:01,1632288241-8,[Pauldrons of the Fallen Defender],29764,item:29764::::::::70,Mainspec,0,WARRIOR,Gruul's Lair-25 Player,High King Maulgar,4,565,25,|cff0070dd|Hitem:33173:2983:30559:24051:::::70:::::::::|h[Ragesteel Shoulders]|h|r,,1,false,Junk,,,High King Maulgar
Roand-Windseeker,9/23/21,20:40:09,1632462009-2,[Plans: Red Belt of Battle],30322,item:30322::::::::70,Mainspec,0,WARRIOR,Coilfang: Serpentshrine Cavern-25 Player,The Lurker Below,176,548,25,,,1,false,Blacksmithing,,,The Lurker Below
Roand-Windseeker,9/28/21,20:43:22,1632894202-0,[Spyglass of the Hidden Fleet],30620,item:30620::::::::70,Offspec,0,WARRIOR,Coilfang: Serpentshrine Cavern-25 Player,Unknown,176,548,25,|cffa335ee|Hitem:21670::::::::70:::::::::|h[Badge of the Swarmguard]|h|r,|cffa335ee|Hitem:29383::::::::70:::::::::|h[Bloodlust Brooch]|h|r,3,false,Miscellaneous,Trinket,i might actually use this for fun,Majila-Windseeker
Roand-Windseeker,9/28/21,20:45:13,1632894313-1,[Nether Vortex],30183,item:30183::::::::70,Mainspec,0,WARRIOR,Coilfang: Serpentshrine Cavern-25 Player,Unknown,176,548,25,,,1,false,Materials,,wasnt i prio,Majila-Windseeker
Roand-Windseeker,10/05/21,19:20:51,1633494051-0,[Pauldrons of the Wardancer],30053,item:30053::::::::70,Mainspec (Low Priority),0,WARRIOR,Coilfang: Serpentshrine Cavern-25 Player,Unknown,176,548,25,|cffa335ee|Hitem:29023:2983:24051:24067:::::70:::::::::|h[Warbringer Shoulderplates]|h|r,,2,false,Plate,Shoulder,,Roand-Windseeker
Roand-Windseeker,10/12/21,20:09:07,1634101747-5,[Ancestral Ring of Conquest],30061,item:30061::::::::70,Mainspec (Low Priority),0,WARRIOR,Coilfang: Serpentshrine Cavern-25 Player,The Lurker Below,176,548,25,|cffa335ee|Hitem:28757::::::::70:::::::::|h[Ring of a Thousand Marks]|h|r,|cffa335ee|Hitem:28730::::::::70:::::::::|h[Mithril Band of the Unscarred]|h|r,2,false,Miscellaneous,Finger,,The Lurker Below
Roand-Windseeker,10/12/21,21:35:20,1634106920-14,[World Breaker],30090,item:30090::::::::70,Mainspec,0,WARRIOR,Coilfang: Serpentshrine Cavern-25 Player,Fathom-Lord Karathress,176,548,25,|cffa335ee|Hitem:28773:2673:::::::70:::::::::|h[Gorehowl]|h|r,,1,false,Two-Handed Maces,Two-Hand,,Fathom-Lord Karathress
Roand-Windseeker,10/19/21,21:20:22,1634710822-13,[Leggings of the Vanquished Defender],30246,item:30246::::::::70,Mainspec,0,WARRIOR,Coilfang: Serpentshrine Cavern-25 Player,Fathom-Lord Karathress,176,548,25,|cff0070dd|Hitem:30257:3010:::::::70:::::::::|h[Shattrath Leggings]|h|r,,1,false,Junk,,,Fathom-Lord Karathress
Roand-Windseeker,10/19/21,21:36:19,1634711779-15,[Plans: Belt of the Guardian],30321,item:30321::::::::70,Mainspec,0,WARRIOR,Tempest Keep-25 Player,Fathom-Lord Karathress,176,550,25,,,1,false,Blacksmithing,,,Fathom-Lord Karathress
Bêlch-Windseeker,7/06/21,19:50:00,1625633400-2,[Collar of Cho'gall],28804,item:28804::::::::70,Mainspec,0,PRIEST,Gruul's Lair-25 Player,Gruul the Dragonkiller,176,565,25,|cff0070dd|Hitem:28183::24066:28557:::::70::::::::|h[Hydromancer's Headwrap]|h|r,,1,false,Cloth,Head,,Gruul the Dragonkiller
Bêlch-Windseeker,7/27/21,20:34:03,1627450443-7,[Eredar Wand of Obliteration],28783,item:28783::::::::70,Mainspec,0,PRIEST,Magtheridon's Lair-25 Player,Magtheridon,176,544,25,|cff1eff00|Hitem:25290::::::-25:1962999823:70::::::::|h[Solitaire Wand of Shadow Wrath]|h|r,,1,false,Wands,,,Magtheridon
Bêlch-Windseeker,8/17/21,19:15:08,1629260108-3,[Leggings of the Fallen Defender],29767,item:29767::::::::70,Mainspec,0,PRIEST,Gruul's Lair-25 Player,Gruul the Dragonkiller,176,565,25,|cffa335ee|Hitem:28594:2747:24030:24030:24030::::70::::::::|h[Trial-Fire Trousers]|h|r,,1,false,Junk,,,Gruul the Dragonkiller
Bêlch-Windseeker,9/07/21,19:49:11,1631076551-6,[Magtheridon's Head],32386,item:32386::::::::70,Mainspec,0,PRIEST,Magtheridon's Lair-25 Player,Magtheridon,176,544,25,,,1,false,Junk,,,Magtheridon
Bêlch-Windseeker,9/21/21,19:37:26,1632285446-6,[Eye of Magtheridon],28789,item:28789::::::::70,Mainspec,0,PRIEST,Magtheridon's Lair-25 Player,Magtheridon,4,544,25,|cffa335ee|Hitem:29370::::::::70:::::::::|h[Icon of the Silver Crescent]|h|r,|cff1eff00|Hitem:25620::::::::70:::::::::|h[Ancient Crystal Talisman]|h|r,1,false,Miscellaneous,Trinket,,Magtheridon
Bêlch-Windseeker,10/05/21,21:16:15,1633500975-11,[Leggings of the Vanquished Defender],30246,item:30246::::::::70,Mainspec,0,PRIEST,Coilfang: Serpentshrine Cavern-25 Player,Fathom-Lord Karathress,176,548,25,|cffa335ee|Hitem:28594:2748:24030:24030:24030::::70:::::::::|h[Trial-Fire Trousers]|h|r,,1,false,Junk,,,Fathom-Lord Karathress
Bêlch-Windseeker,10/12/21,19:21:41,1634098901-2,[Boots of the Shifting Nightmare],30050,item:30050::::::::70,Mainspec (Low Priority),0,PRIEST,Coilfang: Serpentshrine Cavern-25 Player,Hydross the Unstable,176,548,25,|cffa335ee|Hitem:21870::24030:24030:::::70:::::::::|h[Frozen Shadoweave Boots]|h|r,,2,false,Cloth,Feet,,Hydross the Unstable
Bêlch-Windseeker,10/17/21,18:39:15,1634528355-7,[Pit Lord's Satchel],34845,item:34845::::::::70,Mainspec,0,PRIEST,Magtheridon's Lair-25 Player,Magtheridon,4,544,25,,,1,false,Bag,Bag,,Magtheridon
Bêlch-Windseeker,10/17/21,18:39:43,1634528383-10,[Soul-Eater's Handwraps],28780,item:28780::::::::70,Mainspec,0,PRIEST,Magtheridon's Lair-25 Player,Magtheridon,4,544,25,|cffa335ee|Hitem:29057::::::::70:::::::::|h[Gloves of the Incarnate]|h|r,,1,false,Cloth,Hands,,Magtheridon
Andrrick-Windseeker,7/13/21,20:02:04,1626238924-3,[Leggings of the Fallen Champion],29766,item:29766::::::::70,Mainspec,0,PALADIN,Gruul's Lair-25 Player,Gruul the Dragonkiller,176,565,25,|cff0070dd|Hitem:31544:3010:::::::70::::::::|h[Clefthoof Hide Leggings]|h|r,,1,false,Junk,,,Gruul the Dragonkiller
Andrrick-Windseeker,7/13/21,20:43:37,1626241417-9,[Pit Lord's Satchel],34845,item:34845::::::::70,Mainspec,0,PALADIN,Magtheridon's Lair-25 Player,Magtheridon,176,544,25,,,1,false,Bag,Bag,,Magtheridon
Andrrick-Windseeker,8/10/21,20:00:11,1628658011-6,[Girdle of the Endless Pit],28779,item:28779::::::::70,Mainspec,0,PALADIN,Magtheridon's Lair-25 Player,Magtheridon,176,544,25,|cff0070dd|Hitem:28375::::::::70::::::::|h[Rubium War-Girdle]|h|r,,1,false,Plate,Waist,,Magtheridon
Andrrick-Windseeker,9/14/21,19:16:21,1631679381-0,[Pauldrons of the Fallen Champion],29763,item:29763::::::::70,Mainspec,0,PALADIN,Gruul's Lair-25 Player,High King Maulgar,176,565,25,|cff0070dd|Hitem:33173:2986:23098:23098:::::70:::::::::|h[Ragesteel Shoulders]|h|r,,1,false,Junk,,,High King Maulgar
Andrrick-Windseeker,9/14/21,19:31:13,1631680273-4,[Leggings of the Fallen Champion],29766,item:29766::::::::70,Offspec,0,PALADIN,Gruul's Lair-25 Player,Gruul the Dragonkiller,176,565,25,|cffa335ee|Hitem:29074:3012:::::::70:::::::::|h[Justicar Greaves]|h|r,,3,false,Junk,,,Gruul the Dragonkiller
Andrrick-Windseeker,9/14/21,20:11:07,1631682667-7,[Chestguard of the Fallen Champion],29754,item:29754::::::::70,Mainspec,0,PALADIN,Magtheridon's Lair-25 Player,Magtheridon,176,544,25,|cffa335ee|Hitem:28601:2661:::::::70:::::::::|h[Chestguard of the Conniver]|h|r,,1,false,Junk,,,Magtheridon
Andrrick-Windseeker,9/28/21,21:00:38,1632895238-2,[Ancestral Ring of Conquest],30061,item:30061::::::::70,Mainspec,0,PALADIN,Coilfang: Serpentshrine Cavern-25 Player,The Lurker Below,176,548,25,|cffa335ee|Hitem:30834::::::::70:::::::::|h[Shapeshifter's Signet]|h|r,|cffa335ee|Hitem:29283::::::::70:::::::::|h[Violet Signet of the Master Assassin]|h|r,1,false,Miscellaneous,Finger,,The Lurker Below
Andrrick-Windseeker,10/19/21,19:47:05,1634705225-5,[Plans: Belt of the Guardian],30321,item:30321::::::::70,Mainspec,0,PALADIN,Coilfang: Serpentshrine Cavern-25 Player,The Lurker Below,176,548,25,,,1,false,Blacksmithing,,,The Lurker Below
Andrrick-Windseeker,10/19/21,21:20:32,1634710832-14,[Bloodsea Brigand's Vest],30101,item:30101::::::::70,Mainspec,0,PALADIN,Coilfang: Serpentshrine Cavern-25 Player,Fathom-Lord Karathress,176,548,25,|cffa335ee|Hitem:29071:2661:24027:24027:24027::::70:::::::::|h[Justicar Breastplate]|h|r,,1,false,Leather,Chest,,Fathom-Lord Karathress
Abluepegasus-Windseeker,6/29/21,20:28:37,1625030917-4,[Shuriken of Negation],28826,item:28826::::::::70,Minor Upgrade,0,WARRIOR,Gruul's Lair-25 Player,Gruul the Dragonkiller,176,565,25,|cffa335ee|Hitem:21459::::::::70::::::::|h[Crossbow of Imminent Doom]|h|r,,2,false,Thrown,Thrown,,Gruul the Dragonkiller
Abluepegasus-Windseeker,7/27/21,19:22:57,1627446177-4,[Aldori Legacy Defender],28825,item:28825::::::::70,Mainspec,0,WARRIOR,Gruul's Lair-25 Player,Gruul the Dragonkiller,176,565,25,|cffa335ee|Hitem:29176::24033:24033:::::70::::::::|h[Crest of the Sha'tar]|h|r,,1,false,Shields,Off Hand,,Gruul the Dragonkiller
Abluepegasus-Windseeker,8/03/21,20:06:42,1628053602-11,[Gauntlets of Martial Perfection],28824,item:28824::::::::70,Offspec,0,WARRIOR,Outland-,Magtheridon,0,530,0,|cffa335ee|Hitem:28518::24033:24033:::::70::::::::|h[Iron Gauntlets of the Maiden]|h|r,,3,false,Plate,Hands,,Majila-Windseeker
Abluepegasus-Windseeker,8/24/21,21:00:57,1629871257-0,[Thundering Greathelm],28775,item:28775::::::::70,Offspec,0,WARRIOR,Magtheridon's Lair-25 Player,Magtheridon,176,544,25,|cffa335ee|Hitem:29011:2999:25896:24033:::::70::::::::|h[Warbringer Greathelm]|h|r,,3,false,Plate,Head,,Magtheridon
Abluepegasus-Windseeker,9/14/21,20:11:14,1631682674-8,[Chestguard of the Fallen Defender],29753,item:29753::::::::70,Mainspec,0,WARRIOR,Magtheridon's Lair-25 Player,Magtheridon,176,544,25,|cff0070dd|Hitem:25819:2661:::::::70:::::::::|h[Breastplate of the Warbringer]|h|r,,1,false,Junk,,,Magtheridon
Abluepegasus-Windseeker,9/28/21,22:11:35,1632899495-8,[Gloves of the Vanquished Defender],30240,item:30240::::::::70,Mainspec,0,WARRIOR,Coilfang: Serpentshrine Cavern-25 Player,Leotheras the Blind,176,548,25,|cffa335ee|Hitem:28518:2613:24033:24033:::::70:::::::::|h[Iron Gauntlets of the Maiden]|h|r,,1,false,Junk,,,Leotheras the Blind
Abluepegasus-Windseeker,9/30/21,19:24:22,1633062262-0,[Serpentshrine Shuriken],30025,item:30025::::::::70,Mainspec (Low Priority),0,WARRIOR,Coilfang: Serpentshrine Cavern-25 Player,Unknown,176,548,25,|cffa335ee|Hitem:28826::::::::70:::::::::|h[Shuriken of Negation]|h|r,,2,false,Thrown,Thrown,,Abluepegasus-Windseeker
Abluepegasus-Windseeker,10/03/21,18:11:09,1633317069-0,[Pauldrons of the Fallen Defender],29764,item:29764::::::::70,Mainspec,0,WARRIOR,Gruul's Lair-25 Player,High King Maulgar,4,565,25,|cffa335ee|Hitem:28743:2991:24033:24033:::::70:::::::::|h[Mantle of Abrahmis]|h|r,,1,false,Junk,,,High King Maulgar
Abluepegasus-Windseeker,10/12/21,21:35:06,1634106906-12,[Leggings of the Vanquished Defender],30246,item:30246::::::::70,Mainspec,0,WARRIOR,Coilfang: Serpentshrine Cavern-25 Player,Fathom-Lord Karathress,176,548,25,|cffa335ee|Hitem:28621:3013:24061:24051:24051::::70:::::::::|h[Wrynn Dynasty Greaves]|h|r,,1,false,Junk,,,Fathom-Lord Karathress
Maslun-Windseeker,7/08/21,20:50:04,1625809804-1,[Terror Pit Girdle],28778,item:28778::::::::70,Mainspec,0,SHAMAN,Magtheridon's Lair-25 Player,Magtheridon,176,544,25,,,1,false,Mail,Waist,,Magtheridon
Maslun-Windseeker,7/20/21,19:39:29,1626842369-3,[Gronn-Stitched Girdle],28828,item:28828::::::::70,Mainspec,0,SHAMAN,Gruul's Lair-25 Player,Gruul the Dragonkiller,176,565,25,|cffa335ee|Hitem:28778::24054:23095:::::70::::::::|h[Terror Pit Girdle]|h|r,,1,false,Leather,Waist,,Gruul the Dragonkiller
Maslun-Windseeker,7/20/21,20:11:05,1626844265-5,[Cloak of the Pit Stalker],28777,item:28777::::::::70,Mainspec,0,SHAMAN,Magtheridon's Lair-25 Player,Magtheridon,176,544,25,|cffa335ee|Hitem:28764::::::::70::::::::|h[Farstrider Wildercloak]|h|r,,1,false,Cloth,Back,,Magtheridon
Maslun-Windseeker,8/03/21,20:06:21,1628053581-10,[Leggings of the Fallen Champion],29766,item:29766::::::::70,Mainspec,0,SHAMAN,Outland-,Gruul the Dragonkiller,0,530,0,|cffa335ee|Hitem:28740:3010:23095:31868:31118::::70::::::::|h[Rip-Flayer Leggings]|h|r,,1,false,Junk,,,Majila-Windseeker
Maslun-Windseeker,8/31/21,19:56:03,1630472163-7,[Crystalheart Pulse-Staff],28782,item:28782::::::::70,Offspec,0,SHAMAN,Magtheridon's Lair-25 Player,Magtheridon,176,544,25,|cffa335ee|Hitem:28657:2673:24058::::::70:::::::::|h[Fool's Bane]|h|r,|cff0070dd|Hitem:28920:2673:::::::70:::::::::|h[High Warlord's Cleaver]|h|r,3,false,Staves,Two-Hand,,Magtheridon
Maslun-Windseeker,9/23/21,21:44:00,1632465840-0,[Gloves of the Vanquished Champion],30239,item:30239::::::::70,Mainspec,0,SHAMAN,Coilfang: Serpentshrine Cavern-25 Player,Leotheras the Blind,176,548,25,|cffa335ee|Hitem:30644:684:::::::70:::::::::|h[Grips of Deftness]|h|r,,1,false,Junk,,,Leotheras the Blind
Maslun-Windseeker,10/03/21,18:56:02,1633319762-9,[Chestguard of the Fallen Champion],29754,item:29754::::::::70,Mainspec,0,SHAMAN,Magtheridon's Lair-25 Player,Magtheridon,4,544,25,|cffa335ee|Hitem:28599:2661:::::::70:::::::::|h[Scaled Breastplate of Carnage]|h|r,,1,false,Junk,,,Magtheridon
Maslun-Windseeker,10/10/21,18:08:42,1633921722-0,[Pauldrons of the Fallen Champion],29763,item:29763::::::::70,Mainspec,0,SHAMAN,Gruul's Lair-25 Player,High King Maulgar,4,565,25,|cffa335ee|Hitem:28755:2986:24027:24027:::::70:::::::::|h[Bladed Shoulderpads of the Merciless]|h|r,,1,false,Junk,,,High King Maulgar
Maslun-Windseeker,10/10/21,18:48:48,1633924128-13,[Aegis of the Vindicator],29458,item:29458::::::::70,Offspec,0,SHAMAN,Outland-,Magtheridon,0,530,0,|cff0070dd|Hitem:28920:2673:::::::70:::::::::|h[High Warlord's Cleaver]|h|r,,3,false,Shields,Off Hand,,Magtheridon
Maslun-Windseeker,10/12/21,21:05:49,1634105149-8,[True-Aim Stalker Bands],30091,item:30091::::::::70,Mainspec,0,SHAMAN,Coilfang: Serpentshrine Cavern-25 Player,Leotheras the Blind,176,548,25,|cffa335ee|Hitem:28454:1593:::::::70:::::::::|h[Stalker's War Bands]|h|r,,1,false,Mail,Wrist,,Leotheras the Blind
Kilola-Windseeker,7/20/21,20:15:32,1626844532-8,[Magtheridon's Head],32386,item:32386::::::::70,Mainspec,0,MAGE,Magtheridon's Lair-25 Player,Magtheridon,176,544,25,,,1,false,Junk,,,Magtheridon
Kilola-Windseeker,8/31/21,19:13:54,1630469634-1,[Pauldrons of the Fallen Hero],29762,item:29762::::::::70,Mainspec,0,MAGE,Gruul's Lair-25 Player,High King Maulgar,176,565,25,|cff0070dd|Hitem:27796:2995:28467:28461:::::70:::::::::|h[Mana-Etched Spaulders]|h|r,,1,false,Junk,,,High King Maulgar
Kilola-Windseeker,9/23/21,21:44:31,1632465871-2,[Fang of the Leviathan],30095,item:30095::::::::70,Mainspec,0,MAGE,Coilfang: Serpentshrine Cavern-25 Player,Leotheras the Blind,176,548,25,|cffa335ee|Hitem:28770:2671:::::::70:::::::::|h[Nathrezim Mindblade]|h|r,,1,false,One-Handed Swords,Main Hand,,Leotheras the Blind
Kilola-Windseeker,10/03/21,18:11:38,1633317098-2,[Brute Cloak of the Ogre-Magi],28797,item:28797::::::::70,Mainspec (Low Priority),0,MAGE,Gruul's Lair-25 Player,High King Maulgar,4,565,25,|cffa335ee|Hitem:28766::::::::70:::::::::|h[Ruby Drape of the Mysticant]|h|r,,2,false,Cloth,Back,,High King Maulgar
Kilola-Windseeker,10/03/21,18:21:39,1633317699-3,[Leggings of the Fallen Hero],29765,item:29765::::::::70,Disenchant,0,MAGE,Gruul's Lair-25 Player,Gruul the Dragonkiller,4,565,25,|cffa335ee|Hitem:24262:2748:24039:24059:24059::::70:::::::::|h[Spellstrike Pants]|h|r,,1,true,Junk,,,Gruul the Dragonkiller
Kilola-Windseeker,10/05/21,21:46:53,1633502813-13,[Mantle of the Elven Kings],30024,item:30024::::::::70,Mainspec,0,MAGE,Tempest Keep-25 Player,Fathom-Lord Karathress,176,550,25,|cffa335ee|Hitem:29079::24050:31867:::::70:::::::::|h[Pauldrons of the Aldor]|h|r,,1,false,Cloth,Shoulder,,Fathom-Lord Karathress
Angertherapy-Windseeker,8/03/21,20:04:14,1628053454-8,[Crystalheart Pulse-Staff],28782,item:28782::::::::70,Mainspec,0,SHAMAN,Magtheridon's Lair-25 Player,Magtheridon,176,544,25,|cff0070dd|Hitem:28257::::::::70::::::::|h[Hammer of the Penitent]|h|r,|cffa335ee|Hitem:28754:2654:::::::70::::::::|h[Triptych Shield of the Ancients]|h|r,1,false,Staves,Two-Hand,,Magtheridon
Gordantell-Windseeker,7/13/21,20:43:03,1626241383-8,[Magtheridon's Head],32386,item:32386::::::::70,Mainspec,0,HUNTER,Magtheridon's Lair-25 Player,Magtheridon,176,544,25,,,1,false,Junk,,,Magtheridon
Gordantell-Windseeker,8/10/21,20:00:05,1628658005-5,[Chestguard of the Fallen Hero],29755,item:29755::::::::70,Mainspec,0,HUNTER,Magtheridon's Lair-25 Player,Magtheridon,176,544,25,|cffa335ee|Hitem:28599::::::::70::::::::|h[Scaled Breastplate of Carnage]|h|r,,1,false,Junk,,,Magtheridon
Gordantell-Windseeker,10/05/21,20:35:51,1633498551-6,[Gloves of the Vanquished Hero],30241,item:30241::::::::70,Mainspec,0,HUNTER,Coilfang: Serpentshrine Cavern-25 Player,Leotheras the Blind,176,548,25,|cffa335ee|Hitem:29085:1594:::::::70:::::::::|h[Demon Stalker Gauntlets]|h|r,,1,false,Junk,,,Leotheras the Blind
Gordantell-Windseeker,10/07/21,19:16:28,1633666588-0,[Bands of the Celestial Archer],30026,item:30026::::::::70,Mainspec,0,HUNTER,Tempest Keep-25 Player,Unknown,176,550,25,|cffa335ee|Hitem:28454:1593:::::::70:::::::::|h[Stalker's War Bands]|h|r,,1,false,Mail,Wrist,,Gordantell-Windseeker
Ktulú-Windseeker,8/03/21,19:07:33,1628050053-0,[Pauldrons of the Fallen Champion],29763,item:29763::::::::70,Mainspec,0,SHAMAN,Gruul's Lair-25 Player,High King Maulgar,176,565,25,|cff0070dd|Hitem:30925:2982:::::::70::::::::|h[Spaulders of the Torn-heart]|h|r,,1,false,Junk,,,High King Maulgar
Ktulú-Windseeker,8/24/21,21:01:33,1629871293-2,[Crystalheart Pulse-Staff],28782,item:28782::::::::70,Offspec,0,SHAMAN,Magtheridon's Lair-25 Player,Magtheridon,176,544,25,|cff0070dd|Hitem:27868:2669:::::::70::::::::|h[Runesong Dagger]|h|r,|cffa335ee|Hitem:29273::::::::70::::::::|h[Khadgar's Knapsack]|h|r,3,false,Staves,Two-Hand,,Magtheridon
Ktulú-Windseeker,10/14/21,19:40:14,1634272814-0,[Mindstorm Wristbands],29918,item:29918::::::::70,Mainspec,0,SHAMAN,Tempest Keep-25 Player,Al'ar,176,550,25,|cffa335ee|Hitem:29521:2650:24050::::::70:::::::::|h[Netherstrike Bracers]|h|r,,1,false,Cloth,Wrist,,Al'ar
Ktulú-Windseeker,10/19/21,22:06:45,1634713605-18,[Belt of Blasting],30038,item:30038::::::::70,Mainspec,0,SHAMAN,Outland-,Al'ar,0,530,0,|cffa335ee|Hitem:28733::::::::70:::::::::|h[Girdle of Truth]|h|r,,1,false,Cloth,Waist,,Majila-Windseeker
Tinnôr-Windseeker,10/03/21,18:56:33,1633319793-11,[Magtheridon's Head],32386,item:32386::::::::70,Mainspec,0,WARLOCK,Magtheridon's Lair-25 Player,Magtheridon,4,544,25,,,1,false,Junk,,,Magtheridon
Tinnôr-Windseeker,10/10/21,18:19:51,1633922391-5,[Leggings of the Fallen Hero],29765,item:29765::::::::70,Offspec,0,WARLOCK,Gruul's Lair-25 Player,Gruul the Dragonkiller,4,565,25,|cffa335ee|Hitem:24262:2748:24056:31867:31867::::70:::::::::|h[Spellstrike Pants]|h|r,,3,false,Junk,,,Gruul the Dragonkiller
Tinnôr-Windseeker,10/17/21,18:39:33,1634528373-9,[Chestguard of the Fallen Hero],29755,item:29755::::::::70,Mainspec,0,WARLOCK,Magtheridon's Lair-25 Player,Magtheridon,4,544,25,|cffa335ee|Hitem:21848:2661:31867:31867:::::70:::::::::|h[Spellfire Robe]|h|r,,1,false,Junk,,,Magtheridon
Bashuk-Windseeker,7/08/21,20:52:17,1625809937-4,[Pit Lord's Satchel],34845,item:34845::::::::70,Mainspec,0,HUNTER,Magtheridon's Lair-25 Player,Magtheridon,176,544,25,,,1,false,Bag,Bag,,Magtheridon
Bashuk-Windseeker,7/13/21,19:15:55,1626236155-0,[Pauldrons of the Fallen Hero],29762,item:29762::::::::70,Mainspec,0,HUNTER,Gruul's Lair-25 Player,High King Maulgar,176,565,25,|cff0070dd|Hitem:27801:2983:23097:23097:::::70::::::::|h[Beast Lord Mantle]|h|r,,1,false,Junk,,,High King Maulgar
Bashuk-Windseeker,7/27/21,19:22:43,1627446163-3,[Leggings of the Fallen Hero],29765,item:29765::::::::70,Mainspec,0,HUNTER,Gruul's Lair-25 Player,Gruul the Dragonkiller,176,565,25,|cff0070dd|Hitem:27874:3010:::::::70::::::::|h[Beast Lord Leggings]|h|r,,1,false,Junk,,,Gruul the Dragonkiller
Bashuk-Windseeker,7/27/21,20:33:54,1627450434-6,[Terror Pit Girdle],28778,item:28778::::::::70,Minor Upgrade,0,HUNTER,Magtheridon's Lair-25 Player,Magtheridon,176,544,25,|cffa335ee|Hitem:28656::::::::70::::::::|h[Girdle of the Prowler]|h|r,,2,false,Mail,Waist,,Magtheridon
Bashuk-Windseeker,8/31/21,19:55:53,1630472153-6,[Magtheridon's Head],32386,item:32386::::::::70,Mainspec,0,HUNTER,Magtheridon's Lair-25 Player,Magtheridon,176,544,25,,,1,false,Junk,,,Magtheridon
Bashuk-Windseeker,9/07/21,19:48:56,1631076536-5,[Chestguard of the Fallen Hero],29755,item:29755::::::::70,Mainspec,0,HUNTER,Magtheridon's Lair-25 Player,Magtheridon,176,544,25,|cff0070dd|Hitem:28186:2661:30553:24061:31865::::70:::::::::|h[Laughing Skull Battle-Harness]|h|r,,1,false,Junk,,,Magtheridon
Bashuk-Windseeker,9/30/21,20:32:30,1633066350-2,[Leggings of the Vanquished Hero],30247,item:30247::::::::70,Mainspec,0,HUNTER,Coilfang: Serpentshrine Cavern-25 Player,Fathom-Lord Karathress,176,548,25,|cffa335ee|Hitem:29083:3012:::::::70:::::::::|h[Demon Stalker Greaves]|h|r,,1,false,Junk,,,Fathom-Lord Karathress
Bashuk-Windseeker,10/07/21,21:21:36,1633674096-1,[Pattern: Belt of Deep Shadow],30302,item:30302::::::::70,Mainspec,0,HUNTER,Tempest Keep-25 Player,Al'ar,176,550,25,,,1,false,Leatherworking,,,Al'ar
Bashuk-Windseeker,10/19/21,20:31:40,1634707900-11,[Gloves of the Vanquished Hero],30241,item:30241::::::::70,Mainspec,0,HUNTER,Coilfang: Serpentshrine Cavern-25 Player,Leotheras the Blind,176,548,25,|cffa335ee|Hitem:29085:1594:::::::70:::::::::|h[Demon Stalker Gauntlets]|h|r,,1,false,Junk,,,Leotheras the Blind
Buddlite-Windseeker,6/29/21,19:41:08,1625028068-0,[Pauldrons of the Fallen Defender],29764,item:29764::::::::70,Mainspec,0,PRIEST,Gruul's Lair-25 Player,High King Maulgar,176,565,25,|cffa335ee|Hitem:21874:2979:::::::70::::::::|h[Primal Mooncloth Shoulders]|h|r,,1,false,Junk,,,High King Maulgar
Buddlite-Windseeker,7/13/21,20:41:24,1626241284-7,[Crystalheart Pulse-Staff],28782,item:28782::::::::70,Mainspec,0,PRIEST,Magtheridon's Lair-25 Player,Magtheridon,176,544,25,|cff0070dd|Hitem:28033:2343:::::::70::::::::|h[Epoch-Mender]|h|r,,1,false,Staves,Two-Hand,,Magtheridon
Buddlite-Windseeker,8/31/21,19:57:30,1630472250-9,[Pit Lord's Satchel],34845,item:34845::::::::70,Mainspec,0,PRIEST,Magtheridon's Lair-25 Player,Magtheridon,176,544,25,,,1,false,Bag,Bag,,Magtheridon
Buddlite-Windseeker,9/07/21,19:22:27,1631074947-2,[Leggings of the Fallen Defender],29767,item:29767::::::::70,Mainspec,0,PRIEST,Gruul's Lair-25 Player,Gruul the Dragonkiller,176,565,25,|cffa335ee|Hitem:24261:2746:24029:24029:24029::::70:::::::::|h[Whitemend Pants]|h|r,,1,false,Junk,,,Gruul the Dragonkiller
Buddlite-Windseeker,9/21/21,19:32:34,1632285154-0,[Chestguard of the Fallen Defender],29753,item:29753::::::::70,Mainspec,0,PRIEST,Magtheridon's Lair-25 Player,Magtheridon,4,544,25,|cffa335ee|Hitem:21875:2661:24029:24029:::::70:::::::::|h[Primal Mooncloth Robe]|h|r,,1,false,Junk,,,Magtheridon
Buddlite-Windseeker,10/05/21,21:16:11,1633500971-10,[Leggings of the Vanquished Defender],30246,item:30246::::::::70,Mainspec,0,PRIEST,Coilfang: Serpentshrine Cavern-25 Player,Fathom-Lord Karathress,176,548,25,|cffa335ee|Hitem:29053:2746:::::::70:::::::::|h[Trousers of the Incarnate]|h|r,,1,false,Junk,,,Fathom-Lord Karathress
Buddlite-Windseeker,10/05/21,21:16:25,1633500985-12,[Soul-Strider Boots],30100,item:30100::::::::70,Mainspec,0,PRIEST,Coilfang: Serpentshrine Cavern-25 Player,Fathom-Lord Karathress,176,548,25,|cffa335ee|Hitem:28663:2656:::::::70:::::::::|h[Boots of the Incorrupt]|h|r,,1,false,Cloth,Feet,,Fathom-Lord Karathress
Buddlite-Windseeker,10/12/21,21:06:27,1634105187-10,[Gloves of the Vanquished Defender],30240,item:30240::::::::70,Mainspec,0,PRIEST,Coilfang: Serpentshrine Cavern-25 Player,Leotheras the Blind,176,548,25,|cffa335ee|Hitem:29055:2322:::::::70:::::::::|h[Handwraps of the Incarnate]|h|r,,1,false,Junk,,,Leotheras the Blind
Buddlite-Windseeker,10/19/21,20:14:18,1634706858-8,[Pattern: Boots of the Long Road],30283,item:30283::::::::70,Mainspec,0,PRIEST,Coilfang: Serpentshrine Cavern-25 Player,The Lurker Below,176,548,25,,,1,false,Tailoring,,,The Lurker Below
Triisrawra-Windseeker,7/20/21,19:22:59,1626841379-0,[Pauldrons of the Fallen Defender],29764,item:29764::::::::70,Mainspec,0,DRUID,Gruul's Lair-25 Player,High King Maulgar,176,565,25,|cff0070dd|Hitem:27995:2983:::::::70::::::::|h[Sun-Gilded Shouldercaps]|h|r,,1,false,Junk,,,High King Maulgar
Triisrawra-Windseeker,7/20/21,19:39:49,1626842389-4,[Leggings of the Fallen Defender],29767,item:29767::::::::70,Mainspec,0,DRUID,Gruul's Lair-25 Player,Gruul the Dragonkiller,176,565,25,|cff0070dd|Hitem:25690:3011:28463:28463:28463::::70::::::::|h[Heavy Clefthoof Leggings]|h|r,,1,false,Junk,,,Gruul the Dragonkiller
Triisrawra-Windseeker,8/10/21,20:00:19,1628658019-7,[Magtheridon's Head],32386,item:32386::::::::70,Mainspec,0,DRUID,Magtheridon's Lair-25 Player,Magtheridon,176,544,25,,,1,false,Junk,,,Magtheridon
Triisrawra-Windseeker,8/17/21,19:38:56,1629261536-5,[Chestguard of the Fallen Defender],29753,item:29753::::::::70,Mainspec,0,DRUID,Magtheridon's Lair-25 Player,Magtheridon,176,544,25,|cffa335ee|Hitem:28601:2661:::::::70::::::::|h[Chestguard of the Conniver]|h|r,,1,false,Junk,,,Magtheridon
Triisrawra-Windseeker,9/21/21,19:36:28,1632285388-5,[Pit Lord's Satchel],34845,item:34845::::::::70,Mainspec,0,DRUID,Magtheridon's Lair-25 Player,Magtheridon,4,544,25,,,1,false,Bag,Bag,,Magtheridon
Triisrawra-Windseeker,9/23/21,21:44:10,1632465850-1,[Gloves of the Vanquished Defender],30240,item:30240::::::::70,Mainspec,0,DRUID,Coilfang: Serpentshrine Cavern-25 Player,Leotheras the Blind,176,548,25,|cffa335ee|Hitem:29097:2613:::::::70:::::::::|h[Gauntlets of Malorne]|h|r,,1,false,Junk,,,Leotheras the Blind
Triisrawra-Windseeker,9/28/21,21:34:52,1632897292-5,[Wildfury Greatstaff],30021,item:30021::::::::70,Mainspec,0,DRUID,Coilfang: Serpentshrine Cavern-25 Player,The Lurker Below,176,548,25,|cffa335ee|Hitem:28658:2670:::::::70:::::::::|h[Terestian's Stranglestaff]|h|r,,1,false,Staves,Two-Hand,,The Lurker Below
Triisrawra-Windseeker,10/05/21,19:58:34,1633496314-3,[Ancestral Ring of Conquest],30061,item:30061::::::::70,Offspec,0,DRUID,Coilfang: Serpentshrine Cavern-25 Player,The Lurker Below,176,548,25,|cffa335ee|Hitem:29279:2929:::::::70:::::::::|h[Violet Signet of the Great Protector]|h|r,|cffa335ee|Hitem:28792:2929:::::::70:::::::::|h[A'dal's Signet of Defense]|h|r,3,false,Miscellaneous,Finger,,The Lurker Below
Triisrawra-Windseeker,10/19/21,21:20:13,1634710813-12,[Leggings of the Vanquished Defender],30246,item:30246::::::::70,Mainspec,0,DRUID,Coilfang: Serpentshrine Cavern-25 Player,Fathom-Lord Karathress,176,548,25,|cffa335ee|Hitem:30538:3013:24051:24051:24051::::70:::::::::|h[Midnight Legguards]|h|r,,1,false,Junk,,,Fathom-Lord Karathress
Uddermadnèss-Windseeker,7/20/21,20:12:14,1626844334-7,[Chestguard of the Fallen Hero],29755,item:29755::::::::70,Mainspec,0,HUNTER,Magtheridon's Lair-25 Player,Magtheridon,176,544,25,|cff0070dd|Hitem:25696:2661:23097:23097:23097::::70::::::::|h[Felstalker Breastplate]|h|r,,1,false,Junk,,,Magtheridon
Uddermadnèss-Windseeker,7/27/21,20:34:30,1627450470-9,[Pit Lord's Satchel],34845,item:34845::::::::70,Mainspec,0,HUNTER,Magtheridon's Lair-25 Player,Magtheridon,176,544,25,,,1,false,Bag,Bag,,Magtheridon
Uddermadnèss-Windseeker,8/31/21,19:26:20,1630470380-3,[Gauntlets of the Dragonslayer],28827,item:28827::::::::70,Mainspec,0,HUNTER,Gruul's Lair-25 Player,Gruul the Dragonkiller,176,565,25,|cff0070dd|Hitem:27531:1887:23097:31868:::::70:::::::::|h[Wastewalker Gloves]|h|r,,1,false,Mail,Hands,,Gruul the Dragonkiller
Uddermadnèss-Windseeker,9/16/21,19:44:49,1631853889-0,[Pattern: Belt of the Black Eagle],30303,item:30303::::::::70,Mainspec,0,HUNTER,Tempest Keep-25 Player,Unknown,176,550,25,,,1,false,Leatherworking,,,Uddermadnèss-Windseeker
Uddermadnèss-Windseeker,9/23/21,21:05:14,1632463514-4,[Pattern: Belt of Deep Shadow],30302,item:30302::::::::70,Mainspec,0,HUNTER,Coilfang: Serpentshrine Cavern-25 Player,The Lurker Below,176,548,25,,,1,false,Leatherworking,,,The Lurker Below
Uddermadnèss-Windseeker,9/30/21,20:32:26,1633066346-1,[Leggings of the Vanquished Hero],30247,item:30247::::::::70,Mainspec,0,HUNTER,Coilfang: Serpentshrine Cavern-25 Player,Fathom-Lord Karathress,176,548,25,|cff0070dd|Hitem:27430:3013:24028:24028:24028::::70:::::::::|h[Scaled Greaves of Patience]|h|r,,1,false,Junk,,,Fathom-Lord Karathress
Uddermadnèss-Windseeker,10/12/21,20:08:43,1634101723-4,[Pattern: Belt of Natural Power],30301,item:30301::::::::70,Mainspec,0,HUNTER,Coilfang: Serpentshrine Cavern-25 Player,The Lurker Below,176,548,25,,,1,false,Leatherworking,,,The Lurker Below
Uddermadnèss-Windseeker,10/14/21,20:32:50,1634275970-3,[Pauldrons of the Vanquished Hero],30250,item:30250::::::::70,Mainspec,0,HUNTER,Tempest Keep-25 Player,Void Reaver,176,550,25,|cff0070dd|Hitem:27797:2997:23097:23097:::::70:::::::::|h[Wastewalker Shoulderpads]|h|r,,1,false,Junk,,,Void Reaver
Uddermadnèss-Windseeker,10/17/21,18:13:20,1634526800-6,[Axe of the Gronn Lords],28794,item:28794::::::::70,Offspec,0,HUNTER,Gruul's Lair-25 Player,Gruul the Dragonkiller,4,565,25,|cffa335ee|Hitem:29182:2564:::::::70:::::::::|h[Riftmaker]|h|r,|cffa335ee|Hitem:28572:2564:24028:24028:24028::::70:::::::::|h[Blade of the Unrequited]|h|r,3,false,Two-Handed Axes,Two-Hand,,Gruul the Dragonkiller
Silentscöut-Windseeker,8/10/21,19:18:59,1628655539-2,[Leggings of the Fallen Champion],29766,item:29766::::::::70,Mainspec,0,SHAMAN,Gruul's Lair-25 Player,Gruul the Dragonkiller,176,565,25,|cffa335ee|Hitem:30543:2745:23094:23099:23109::::70::::::::|h[Pontifex Kilt]|h|r,,1,false,Junk,,,Gruul the Dragonkiller
Silentscöut-Windseeker,8/17/21,19:39:27,1629261567-7,[Magtheridon's Head],32386,item:32386::::::::70,Mainspec,0,SHAMAN,Magtheridon's Lair-25 Player,Magtheridon,176,544,25,,,1,false,Junk,,,Magtheridon
Mordú-Windseeker,10/10/21,18:46:15,1633923975-10,[Magtheridon's Head],32386,item:32386::::::::70,Mainspec,0,PRIEST,Magtheridon's Lair-25 Player,Magtheridon,4,544,25,,,1,false,Junk,,,Magtheridon
Voodoosniper-Windseeker,7/06/21,19:54:59,1625633699-5,[Gauntlets of the Dragonslayer],28827,item:28827::::::::70,Mainspec,0,HUNTER,Outland-,Gruul the Dragonkiller,0,530,0,|cffa335ee|Hitem:22441:2564:::::::70::::::::|h[Cryptstalker Handguards]|h|r,,1,false,Mail,Hands,,Gruul the Dragonkiller
Voodoosniper-Windseeker,9/21/21,19:32:52,1632285172-2,[Terror Pit Girdle],28778,item:28778::::::::70,Mainspec (Low Priority),0,HUNTER,Magtheridon's Lair-25 Player,Magtheridon,4,544,25,|cffa335ee|Hitem:28656::::::::70:::::::::|h[Girdle of the Prowler]|h|r,,2,false,Mail,Waist,,Magtheridon
Voodoosniper-Windseeker,9/21/21,20:34:21,1632288861-10,[Leggings of the Fallen Hero],29765,item:29765::::::::70,Mainspec,0,HUNTER,Gruul's Lair-25 Player,Gruul the Dragonkiller,4,565,25,|cffa335ee|Hitem:28740:2586:24028:24061:24061::::70:::::::::|h[Rip-Flayer Leggings]|h|r,,1,false,Junk,,,Gruul the Dragonkiller
Voodoosniper-Windseeker,10/03/21,18:56:11,1633319771-10,[Chestguard of the Fallen Hero],29755,item:29755::::::::70,Mainspec,0,HUNTER,Magtheridon's Lair-25 Player,Magtheridon,4,544,25,|cffa335ee|Hitem:21370:928:::::::70:::::::::|h[Striker's Hauberk]|h|r,,1,false,Junk,,,Magtheridon
Voodoosniper-Windseeker,10/10/21,18:45:13,1633923913-8,[Pit Lord's Satchel],34845,item:34845::::::::70,Mainspec,0,HUNTER,Magtheridon's Lair-25 Player,Magtheridon,4,544,25,,,1,false,Bag,Bag,,Magtheridon
Voodoosniper-Windseeker,10/12/21,19:21:37,1634098897-1,[Ranger-General's Chestguard],30054,item:30054::::::::70,Mainspec (Low Priority),0,HUNTER,Coilfang: Serpentshrine Cavern-25 Player,Hydross the Unstable,176,548,25,|cffa335ee|Hitem:29082:2661:24028:24055:24055::::70:::::::::|h[Demon Stalker Harness]|h|r,,2,false,Mail,Chest,,Hydross the Unstable
Greyghostt-Windseeker,8/10/21,19:19:12,1628655552-3,[Dragonspine Trophy],28830,item:28830::::::::70,Mainspec,0,HUNTER,Gruul's Lair-25 Player,Gruul the Dragonkiller,176,565,25,|cff0070dd|Hitem:28034::::::::70::::::::|h[Hourglass of the Unraveller]|h|r,|cff1eff00|Hitem:25937::::::::70::::::::|h[Terokkar Tablet of Precision]|h|r,1,false,Miscellaneous,Trinket,,Gruul the Dragonkiller
Greyghostt-Windseeker,8/24/21,21:02:37,1629871357-4,[Pit Lord's Satchel],34845,item:34845::::::::70,Mainspec,0,HUNTER,Magtheridon's Lair-25 Player,Magtheridon,176,544,25,,,1,false,Bag,Bag,,Magtheridon
Greyghostt-Windseeker,10/05/21,20:35:54,1633498554-7,[Gloves of the Vanquished Hero],30241,item:30241::::::::70,Mainspec,0,HUNTER,Coilfang: Serpentshrine Cavern-25 Player,Leotheras the Blind,176,548,25,|cffa335ee|Hitem:29085:2564:::::::70:::::::::|h[Demon Stalker Gauntlets]|h|r,,1,false,Junk,,,Leotheras the Blind
Greyghostt-Windseeker,10/12/21,21:35:12,1634106912-13,[Leggings of the Vanquished Hero],30247,item:30247::::::::70,Mainspec,0,HUNTER,Coilfang: Serpentshrine Cavern-25 Player,Fathom-Lord Karathress,176,548,25,|cffa335ee|Hitem:28740:3010:28362:31868:24055::::70:::::::::|h[Rip-Flayer Leggings]|h|r,,1,false,Junk,,,Fathom-Lord Karathress
Greyghostt-Windseeker,10/17/21,18:03:32,1634526212-1,[Pauldrons of the Fallen Defender],29764,item:29764::::::::70,Disenchant,0,HUNTER,Gruul's Lair-25 Player,High King Maulgar,4,565,25,|cff0070dd|Hitem:27776:2606:31868:31868:::::70:::::::::|h[Shoulderpads of Assassination]|h|r,,1,true,Junk,,,High King Maulgar
Greyghostt-Windseeker,10/17/21,18:12:20,1634526740-3,[Leggings of the Fallen Hero],29765,item:29765::::::::70,Disenchant,0,HUNTER,Gruul's Lair-25 Player,Gruul the Dragonkiller,4,565,25,|cffa335ee|Hitem:30142:3010:24055::::::70:::::::::|h[Rift Stalker Leggings]|h|r,,1,true,Junk,,,Gruul the Dragonkiller
Greyghostt-Windseeker,10/17/21,18:12:26,1634526746-4,[Leggings of the Fallen Hero],29765,item:29765::::::::70,Disenchant,0,HUNTER,Gruul's Lair-25 Player,Gruul the Dragonkiller,4,565,25,|cffa335ee|Hitem:30142:3010:24055::::::70:::::::::|h[Rift Stalker Leggings]|h|r,,1,true,Junk,,,Gruul the Dragonkiller
Rakkus-Windseeker,10/05/21,19:20:58,1633494058-1,[Wraps of Purification],32516,item:32516::::::::70,Mainspec,0,DRUID,Coilfang: Serpentshrine Cavern-25 Player,Unknown,176,548,25,|cff0070dd|Hitem:28029:369:::::::70:::::::::|h[Goldenvine Wraps]|h|r,,1,false,Cloth,Wrist,,Rakkus-Windseeker
Rakkus-Windseeker,10/05/21,21:52:06,1633503126-14,[Bark-Gloves of Ancient Wisdom],30029,item:30029::::::::70,Mainspec,0,DRUID,Tempest Keep-25 Player,Fathom-Lord Karathress,176,550,25,|cffa335ee|Hitem:29090:2322:::::::70:::::::::|h[Handguards of Malorne]|h|r,,1,false,Leather,Hands,,Fathom-Lord Karathress
Rakkus-Windseeker,10/14/21,20:33:03,1634275983-5,[Girdle of Zaetar],29984,item:29984::::::::70,Mainspec,0,DRUID,Tempest Keep-25 Player,Void Reaver,176,550,25,|cffa335ee|Hitem:21873::24060:32836:::::70:::::::::|h[Primal Mooncloth Belt]|h|r,,1,false,Leather,Waist,,Void Reaver
Rakkus-Windseeker,10/19/21,20:31:28,1634707888-9,[Orca-Hide Boots],30092,item:30092::::::::70,Mainspec,0,DRUID,Coilfang: Serpentshrine Cavern-25 Player,Leotheras the Blind,176,548,25,|cffa335ee|Hitem:28752:2940:32836:32836:::::70:::::::::|h[Forestlord Striders]|h|r,,1,false,Leather,Feet,,Leotheras the Blind
Cuttah-Windseeker,7/06/21,19:52:04,1625633524-4,[Leggings of the Fallen Champion],29766,item:29766::::::::70,Mainspec,0,ROGUE,Gruul's Lair-25 Player,Gruul the Dragonkiller,176,565,25,|cff0070dd|Hitem:27908::::::::70::::::::|h[Leggings of Assassination]|h|r,,1,false,Junk,,,Gruul the Dragonkiller
Cuttah-Windseeker,8/31/21,19:55:44,1630472144-5,[Chestguard of the Fallen Champion],29754,item:29754::::::::70,Mainspec,0,ROGUE,Magtheridon's Lair-25 Player,Magtheridon,176,544,25,|cff0070dd|Hitem:27461::::::::70:::::::::|h[Chestguard of the Prowler]|h|r,,1,false,Junk,,,Magtheridon
Cuttah-Windseeker,9/07/21,19:50:26,1631076626-8,[Pit Lord's Satchel],34845,item:34845::::::::70,Mainspec,0,ROGUE,Magtheridon's Lair-25 Player,Magtheridon,176,544,25,,,1,false,Bag,Bag,,Magtheridon
Cuttah-Windseeker,9/28/21,22:14:12,1632899652-10,[Gloves of the Vanquished Champion],30239,item:30239::::::::70,Mainspec,0,ROGUE,Coilfang: Serpentshrine Cavern-25 Player,Leotheras the Blind,176,548,25,|cff0070dd|Hitem:27531::24061:24051:::::70:::::::::|h[Wastewalker Gloves]|h|r,,1,false,Junk,,Remember I won the ring and EPGP was not updated,Leotheras the Blind
Cuttah-Windseeker,9/28/21,22:16:05,1632899765-12,[Ring of Lethality],30052,item:30052::::::::70,Mainspec,0,ROGUE,Coilfang: Serpentshrine Cavern-25 Player,Leotheras the Blind,176,548,25,|cffa335ee|Hitem:30052::::::::70:::::::::|h[Ring of Lethality]|h|r,|cffa335ee|Hitem:28649::::::::70:::::::::|h[Garona's Signet Ring]|h|r,1,false,Miscellaneous,Finger,,Majila-Windseeker
Cuttah-Windseeker,10/14/21,21:45:26,1634280326-7,[Vambraces of Ending],29966,item:29966::::::::70,Mainspec,0,ROGUE,Tempest Keep-25 Player,High Astromancer Solarian,176,550,25,|cff0070dd|Hitem:28171:1593:23100::::::70:::::::::|h[Spymistress's Wristguards]|h|r,,1,false,Leather,Wrist,,High Astromancer Solarian
Blitzcore-Windseeker,7/08/21,20:50:35,1625809835-2,[Aegis of the Vindicator],29458,item:29458::::::::70,Mainspec,0,SHAMAN,Magtheridon's Lair-25 Player,Magtheridon,176,544,25,|cffa335ee|Hitem:29274::::::::70::::::::|h[Tears of Heaven]|h|r,,1,false,Shields,Off Hand,,Magtheridon
Blitzcore-Windseeker,7/20/21,19:24:15,1626841455-1,[Hammer of the Naaru],28800,item:28800::::::::70,Offspec,0,SHAMAN,Gruul's Lair-25 Player,High King Maulgar,176,565,25,|cffa335ee|Hitem:29175::::::::70::::::::|h[Gavel of Pure Light]|h|r,|cffa335ee|Hitem:29458:2654:::::::70::::::::|h[Aegis of the Vindicator]|h|r,3,false,Two-Handed Maces,Two-Hand,,High King Maulgar
Blitzcore-Windseeker,7/27/21,19:08:27,1627445307-0,[Maulgar's Warhelm],28801,item:28801::::::::70,Offspec,0,SHAMAN,Gruul's Lair-25 Player,High King Maulgar,176,565,25,|cffa335ee|Hitem:28756:3001:::::::70::::::::|h[Headdress of the High Potentate]|h|r,,3,false,Mail,Head,,High King Maulgar
Blitzcore-Windseeker,8/10/21,19:19:41,1628655581-4,[Windshear Boots],28810,item:28810::::::::70,Offspec,0,SHAMAN,Gruul's Lair-25 Player,Gruul the Dragonkiller,176,565,25,|cffa335ee|Hitem:29251:2841:::::::70::::::::|h[Boots of the Pious]|h|r,,3,false,Mail,Feet,,Gruul the Dragonkiller
Blitzcore-Windseeker,8/24/21,19:13:51,1629864831-0,[Pauldrons of the Fallen Champion],29763,item:29763::::::::70,Mainspec,0,SHAMAN,Gruul's Lair-25 Player,High King Maulgar,176,565,25,|cffa335ee|Hitem:28612:2979:::::::70::::::::|h[Pauldrons of the Solace-Giver]|h|r,,1,false,Junk,,,High King Maulgar
Blitzcore-Windseeker,8/24/21,19:25:52,1629865552-2,[Leggings of the Fallen Champion],29766,item:29766::::::::70,Mainspec,0,SHAMAN,Gruul's Lair-25 Player,Gruul the Dragonkiller,176,565,25,|cffa335ee|Hitem:28751:2746:30572:30603:30581::::70::::::::|h[Heart-Flame Leggings]|h|r,,1,false,Junk,,,Gruul the Dragonkiller
Blitzcore-Windseeker,8/24/21,19:26:20,1629865580-4,[Gronn-Stitched Girdle],28828,item:28828::::::::70,Awarded,0,SHAMAN,Gruul's Lair-25 Player,Gruul the Dragonkiller,176,565,25,|cffa335ee|Hitem:28567::::::::70::::::::|h[Belt of Gale Force]|h|r,,AWARDED,false,Leather,Waist,,Gruul the Dragonkiller
Blitzcore-Windseeker,8/31/21,19:26:16,1630470376-2,[Cowl of Nature's Breath],28803,item:28803::::::::70,Mainspec,0,SHAMAN,Gruul's Lair-25 Player,Gruul the Dragonkiller,176,565,25,|cffa335ee|Hitem:28756:3001:::::::70:::::::::|h[Headdress of the High Potentate]|h|r,,1,false,Leather,Head,,Gruul the Dragonkiller
Blitzcore-Windseeker,9/07/21,19:10:29,1631074229-1,[Malefic Mask of the Shadows],28796,item:28796::::::::70,Offspec,0,SHAMAN,Gruul's Lair-25 Player,High King Maulgar,176,565,25,|cffa335ee|Hitem:28803:3001:::::::70:::::::::|h[Cowl of Nature's Breath]|h|r,,3,false,Leather,Head,,High King Maulgar
Blitzcore-Windseeker,9/07/21,19:49:26,1631076566-7,[Terror Pit Girdle],28778,item:28778::::::::70,Offspec,0,SHAMAN,Magtheridon's Lair-25 Player,Magtheridon,176,544,25,|cffa335ee|Hitem:28567::::::::70:::::::::|h[Belt of Gale Force]|h|r,,3,false,Mail,Waist,,Magtheridon
Blitzcore-Windseeker,9/21/21,19:33:06,1632285186-4,[Magtheridon's Head],32386,item:32386::::::::70,Mainspec,0,SHAMAN,Magtheridon's Lair-25 Player,Magtheridon,4,544,25,,,1,false,Junk,,,Magtheridon
Blitzcore-Windseeker,9/23/21,20:31:46,1632461506-0,[Tempest-Strider Boots],30066,item:30066::::::::70,Mainspec,0,SHAMAN,Coilfang: Serpentshrine Cavern-25 Player,The Lurker Below,176,548,25,|cffa335ee|Hitem:28752::24057:24057:::::70:::::::::|h[Forestlord Striders]|h|r,,1,false,Mail,Feet,,The Lurker Below
Blitzcore-Windseeker,10/03/21,18:55:53,1633319753-8,[Pit Lord's Satchel],34845,item:34845::::::::70,Mainspec,0,SHAMAN,Magtheridon's Lair-25 Player,Magtheridon,4,544,25,,,1,false,Bag,Bag,,Magtheridon
Blitzcore-Windseeker,10/12/21,21:05:56,1634105156-9,[Gloves of the Vanquished Champion],30239,item:30239::::::::70,Mainspec,0,SHAMAN,Coilfang: Serpentshrine Cavern-25 Player,Leotheras the Blind,176,548,25,|cffa335ee|Hitem:29032:2322:::::::70:::::::::|h[Cyclone Gloves]|h|r,,1,false,Junk,,,Leotheras the Blind
Blitzcore-Windseeker,10/19/21,19:47:52,1634705272-7,[Grove-Bands of Remulos],30062,item:30062::::::::70,Mainspec,0,SHAMAN,Coilfang: Serpentshrine Cavern-25 Player,The Lurker Below,176,548,25,|cffa335ee|Hitem:29183:2617:::::::70:::::::::|h[Bindings of the Timewalker]|h|r,,1,false,Leather,Wrist,,The Lurker Below
Nosferata-Windseeker,10/10/21,18:20:01,1633922401-6,[Dragonspine Trophy],28830,item:28830::::::::70,Mainspec,0,HUNTER,Gruul's Lair-25 Player,Gruul the Dragonkiller,4,565,25,|cff0070dd|Hitem:28034::::::::70:::::::::|h[Hourglass of the Unraveller]|h|r,|cffa335ee|Hitem:29383::::::::70:::::::::|h[Bloodlust Brooch]|h|r,1,false,Miscellaneous,Trinket,,Gruul the Dragonkiller
Nosferata-Windseeker,10/14/21,19:40:18,1634272818-1,[Talon of Al'ar],30448,item:30448::::::::70,Mainspec,0,HUNTER,Tempest Keep-25 Player,Al'ar,176,550,25,|cffa335ee|Hitem:28830::::::::70:::::::::|h[Dragonspine Trophy]|h|r,|cffa335ee|Hitem:29383::::::::70:::::::::|h[Bloodlust Brooch]|h|r,1,false,Miscellaneous,Trinket,,Al'ar
Nosferata-Windseeker,10/19/21,20:31:37,1634707897-10,[Gloves of the Vanquished Hero],30241,item:30241::::::::70,Mainspec,0,HUNTER,Coilfang: Serpentshrine Cavern-25 Player,Leotheras the Blind,176,548,25,|cff0070dd|Hitem:27474:2564:24028:24028:::::70:::::::::|h[Beast Lord Handguards]|h|r,,1,false,Junk,,,Leotheras the Blind
Nosferata-Windseeker,10/19/21,22:08:27,1634713707-20,[Belt of the Guardian],30034,item:30034::::::::70,Mainspec,0,HUNTER,Outland-,Al'ar,0,530,0,|cffa335ee|Hitem:28733::::::::70:::::::::|h[Girdle of Truth]|h|r,,1,false,Plate,Waist,,Majila-Windseeker
Ozymandius-Windseeker,7/13/21,20:41:03,1626241263-6,[Chestguard of the Fallen Champion],29754,item:29754::::::::70,Mainspec,0,SHAMAN,Magtheridon's Lair-25 Player,Magtheridon,176,544,25,|cff0070dd|Hitem:27912:3150:::::::70::::::::|h[Harness of the Deep Currents]|h|r,,1,false,Junk,,,Magtheridon
Ozymandius-Windseeker,8/17/21,19:39:19,1629261559-6,[Aegis of the Vindicator],29458,item:29458::::::::70,Mainspec,0,SHAMAN,Magtheridon's Lair-25 Player,Magtheridon,176,544,25,|cffa335ee|Hitem:29267:2654:::::::70::::::::|h[Light-Bearer's Faith Shield]|h|r,,1,false,Shields,Off Hand,,Magtheridon
Ozymandius-Windseeker,8/31/21,19:26:28,1630470388-4,[Leggings of the Fallen Champion],29766,item:29766::::::::70,Minor Upgrade,0,SHAMAN,Gruul's Lair-25 Player,Gruul the Dragonkiller,176,565,25,|cffa335ee|Hitem:28751:2745:24057:24057:24060::::70:::::::::|h[Heart-Flame Leggings]|h|r,,2,false,Junk,,,Gruul the Dragonkiller
Ozymandius-Windseeker,9/07/21,19:22:33,1631074953-3,[Teeth of Gruul],28822,item:28822::::::::70,Mainspec,0,SHAMAN,Gruul's Lair-25 Player,Gruul the Dragonkiller,176,565,25,|cffa335ee|Hitem:29374::::::::70:::::::::|h[Necklace of Eternal Hope]|h|r,,1,false,Miscellaneous,Neck,,Gruul the Dragonkiller
Magblaster-Windseeker,9/21/21,20:35:29,1632288929-14,[Collar of Cho'gall],28804,item:28804::::::::70,Offline or RCLootCouncil not installed,0,MAGE,Gruul's Lair-25 Player,Gruul the Dragonkiller,4,565,25,,,NOTHING,false,Cloth,Head,,Gruul the Dragonkiller
Magblaster-Windseeker,10/14/21,21:57:40,1634281060-9,[Mantle of the Elven Kings],30024,item:30024::::::::70,Mainspec,0,MAGE,Tempest Keep-25 Player,High Astromancer Solarian,176,550,25,|cff0070dd|Hitem:27796:2995:24030:24030:::::70:::::::::|h[Mana-Etched Spaulders]|h|r,,1,false,Cloth,Shoulder,,High Astromancer Solarian
Magblaster-Windseeker,10/14/21,22:04:09,1634281449-10,[Fire-Cord of the Magus],30020,item:30020::::::::70,Mainspec (Low Priority),0,MAGE,Tempest Keep-25 Player,High Astromancer Solarian,176,550,25,|cffa335ee|Hitem:21846::24030:24030:::::70:::::::::|h[Spellfire Belt]|h|r,,2,false,Cloth,Waist,,High Astromancer Solarian
Bubblemeup-Windseeker,6/29/21,20:27:41,1625030861-2,[Leggings of the Fallen Champion],29766,item:29766::::::::70,Mainspec,0,PALADIN,Gruul's Lair-25 Player,Gruul the Dragonkiller,176,565,25,|cff0070dd|Hitem:29184:2841:28461:28470:28463::::70::::::::|h[Timewarden's Leggings]|h|r,,1,false,Junk,,,Gruul the Dragonkiller
Bubblemeup-Windseeker,7/06/21,19:15:41,1625631341-0,[Pauldrons of the Fallen Champion],29763,item:29763::::::::70,Mainspec,0,PALADIN,Gruul's Lair-25 Player,High King Maulgar,176,565,25,|cffa335ee|Hitem:28743:2977:24033:24033:::::70::::::::|h[Mantle of Abrahmis]|h|r,,1,false,Junk,,,High King Maulgar
Bubblemeup-Windseeker,7/13/21,19:16:36,1626236196-1,[Hammer of the Naaru],28800,item:28800::::::::70,Offspec,0,PALADIN,Gruul's Lair-25 Player,High King Maulgar,176,565,25,|cffa335ee|Hitem:29155:2669:::::::70::::::::|h[Stormcaller]|h|r,|cffa335ee|Hitem:29266:1071:::::::70::::::::|h[Azure-Shield of Coldarra]|h|r,3,false,Two-Handed Maces,Two-Hand,,High King Maulgar
Bubblemeup-Windseeker,7/13/21,20:02:37,1626238957-4,[Aldori Legacy Defender],28825,item:28825::::::::70,Mainspec,0,PALADIN,Gruul's Lair-25 Player,Gruul the Dragonkiller,176,565,25,|cffa335ee|Hitem:29266:1071:::::::70::::::::|h[Azure-Shield of Coldarra]|h|r,,1,false,Shields,Off Hand,,Gruul the Dragonkiller
Bubblemeup-Windseeker,8/17/21,19:39:58,1629261598-9,[Pit Lord's Satchel],34845,item:34845::::::::70,Mainspec,0,PALADIN,Magtheridon's Lair-25 Player,Magtheridon,176,544,25,,,1,false,Bag,Bag,,Magtheridon
Bubblemeup-Windseeker,9/14/21,20:11:20,1631682680-9,[Eye of Magtheridon],28789,item:28789::::::::70,Mainspec,0,PALADIN,Magtheridon's Lair-25 Player,Magtheridon,176,544,25,|cff0070dd|Hitem:27529::::::::70:::::::::|h[Figurine of the Colossus]|h|r,|cff0070dd|Hitem:27891::::::::70:::::::::|h[Adamantine Figurine]|h|r,1,false,Miscellaneous,Trinket,,Magtheridon
Bubblemeup-Windseeker,9/28/21,22:11:52,1632899512-9,[Fang of the Leviathan],30095,item:30095::::::::70,Mainspec,0,PALADIN,Coilfang: Serpentshrine Cavern-25 Player,Leotheras the Blind,176,548,25,|cffa335ee|Hitem:29155:2669:::::::70:::::::::|h[Stormcaller]|h|r,,1,false,One-Handed Swords,Main Hand,,Leotheras the Blind
Bubblemeup-Windseeker,10/14/21,20:01:15,1634274075-2,[Plans: Boots of the Protector],30323,item:30323::::::::70,Mainspec,0,PALADIN,Tempest Keep-25 Player,Al'ar,176,550,25,,,1,false,Blacksmithing,,,Al'ar
Bubblemeup-Windseeker,10/17/21,18:39:27,1634528367-8,[Chestguard of the Fallen Champion],29754,item:29754::::::::70,Mainspec,0,PALADIN,Magtheridon's Lair-25 Player,Magtheridon,4,544,25,|cffa335ee|Hitem:28597::24047:24033:24033::::70:::::::::|h[Panzar'Thar Breastplate]|h|r,,1,false,Junk,,,Magtheridon
Bubblemeup-Windseeker,10/19/21,21:58:20,1634713100-16,[Phoenix-Wing Cloak],29925,item:29925::::::::70,Mainspec (Low Priority),0,PALADIN,Tempest Keep-25 Player,Al'ar,176,550,25,|cff0070dd|Hitem:27804:2622:::::::70:::::::::|h[Devilshark Cape]|h|r,,2,false,Cloth,Back,,Al'ar
Bubblemeup-Windseeker,10/19/21,22:07:36,1634713656-19,[Belt of Deep Shadow],30040,item:30040::::::::70,Mainspec,0,PALADIN,Outland-,Al'ar,0,530,0,|cffa335ee|Hitem:28733::::::::70:::::::::|h[Girdle of Truth]|h|r,,1,false,Leather,Waist,,Majila-Windseeker
Dotkilla-Windseeker,7/08/21,20:49:39,1625809779-0,[Chestguard of the Fallen Hero],29755,item:29755::::::::70,Mainspec,0,WARLOCK,Magtheridon's Lair-25 Player,Magtheridon,176,544,25,|cff0070dd|Hitem:29341:2661:23101:23101:23108::::70::::::::|h[Auchenai Anchorite's Robe]|h|r,,1,false,Junk,,,Magtheridon
Dotkilla-Windseeker,8/03/21,20:04:45,1628053485-9,[Pit Lord's Satchel],34845,item:34845::::::::70,Mainspec,0,WARLOCK,Magtheridon's Lair-25 Player,Magtheridon,176,544,25,,,1,false,Bag,Bag,,Magtheridon
Dotkilla-Windseeker,8/24/21,19:27:17,1629865637-5,[Bloodmaw Magus-Blade],28802,item:28802::::::::70,Mainspec,0,WARLOCK,Gruul's Lair-25 Player,Gruul the Dragonkiller,176,565,25,|cffa335ee|Hitem:29155:2669:::::::70::::::::|h[Stormcaller]|h|r,,1,false,One-Handed Swords,Main Hand,,Gruul the Dragonkiller
Dotkilla-Windseeker,9/07/21,19:10:14,1631074214-0,[Pauldrons of the Fallen Hero],29762,item:29762::::::::70,Mainspec,0,WARLOCK,Gruul's Lair-25 Player,High King Maulgar,176,565,25,|cff0070dd|Hitem:30925:2994:::::::70:::::::::|h[Spaulders of the Torn-heart]|h|r,,1,false,Junk,,,High King Maulgar
Dotkilla-Windseeker,9/14/21,20:11:40,1631682700-10,[Magtheridon's Head],32386,item:32386::::::::70,Mainspec,0,WARLOCK,Magtheridon's Lair-25 Player,Magtheridon,176,544,25,,,1,false,Junk,,,Magtheridon
Dotkilla-Windseeker,9/21/21,21:11:45,1632291105-19,[Pattern: Belt of the Long Road],30281,item:30281::::::::70,Mainspec,0,WARLOCK,Coilfang: Serpentshrine Cavern-25 Player,Hydross the Unstable,176,548,25,,,1,false,Tailoring,,,Hydross the Unstable
Dotkilla-Windseeker,9/28/21,21:00:43,1632895243-3,[Pattern: Belt of Blasting],30280,item:30280::::::::70,Mainspec,0,WARLOCK,Coilfang: Serpentshrine Cavern-25 Player,The Lurker Below,176,548,25,,,1,false,Tailoring,,,The Lurker Below
Dotkilla-Windseeker,9/28/21,21:39:56,1632897596-6,[Pattern: Boots of Blasting],30282,item:30282::::::::70,Mainspec,0,WARLOCK,Coilfang: Serpentshrine Cavern-25 Player,The Lurker Below,176,548,25,,,1,false,Tailoring,,,The Lurker Below
Dotkilla-Windseeker,10/19/21,21:58:25,1634713105-17,[Mindstorm Wristbands],29918,item:29918::::::::70,Mainspec,0,WARLOCK,Tempest Keep-25 Player,Al'ar,176,550,25,|cff0070dd|Hitem:24250:2650:31867::::::70:::::::::|h[Bracers of Havok]|h|r,,1,false,Cloth,Wrist,,Al'ar
Majila-Windseeker,8/03/21,19:07:44,1628050064-1,[Hammer of the Naaru],28800,item:28800::::::::70,Offspec,0,PALADIN,Gruul's Lair-25 Player,High King Maulgar,176,565,25,|cffa335ee|Hitem:28522:2343:::::::70::::::::|h[Shard of the Virtuous]|h|r,|cff0070dd|Hitem:31292:2654:::::::70::::::::|h[Crystal Pulse Shield]|h|r,3,false,Two-Handed Maces,Two-Hand,,High King Maulgar
Majila-Windseeker,8/03/21,20:03:53,1628053433-6,[Chestguard of the Fallen Champion],29754,item:29754::::::::70,Mainspec,0,PALADIN,Magtheridon's Lair-25 Player,Magtheridon,176,544,25,|cff0070dd|Hitem:28230:2661:23094:23094:23094::::70::::::::|h[Hallowed Garments]|h|r,,1,false,Junk,,,Magtheridon
Majila-Windseeker,8/10/21,20:00:40,1628658040-8,[Aegis of the Vindicator],29458,item:29458::::::::70,Mainspec,0,PALADIN,Magtheridon's Lair-25 Player,Magtheridon,176,544,25,|cff0070dd|Hitem:31292:2654:::::::70::::::::|h[Crystal Pulse Shield]|h|r,,1,false,Shields,Off Hand,,Magtheridon
Majila-Windseeker,8/10/21,20:01:03,1628658063-9,[Pit Lord's Satchel],34845,item:34845::::::::70,Mainspec,0,PALADIN,Magtheridon's Lair-25 Player,Magtheridon,176,544,25,,,1,false,Bag,Bag,,Magtheridon
Majila-Windseeker,8/17/21,19:14:25,1629260065-2,[Cowl of Nature's Breath],28803,item:28803::::::::70,Disenchant,0,PALADIN,Gruul's Lair-25 Player,Gruul the Dragonkiller,176,565,25,|cffa335ee|Hitem:29061:3001:24029:25897:::::70::::::::|h[Justicar Diadem]|h|r,,1,true,Leather,Head,,Gruul the Dragonkiller
Majila-Windseeker,8/17/21,19:15:18,1629260118-4,[Gauntlets of Martial Perfection],28824,item:28824::::::::70,Disenchant,0,PALADIN,Gruul's Lair-25 Player,Gruul the Dragonkiller,176,565,25,|cffa335ee|Hitem:28518::23096:28470:::::70::::::::|h[Iron Gauntlets of the Maiden]|h|r,,1,true,Plate,Hands,,Gruul the Dragonkiller
Majila-Windseeker,8/24/21,19:13:56,1629864836-1,[Maulgar's Warhelm],28801,item:28801::::::::70,Disenchant,0,PALADIN,Gruul's Lair-25 Player,High King Maulgar,176,565,25,|cffa335ee|Hitem:29061:3001:24029:25897:::::70::::::::|h[Justicar Diadem]|h|r,,1,true,Mail,Head,,High King Maulgar
Majila-Windseeker,9/14/21,19:16:32,1631679392-2,[Malefic Mask of the Shadows],28796,item:28796::::::::70,Disenchant,0,PALADIN,Gruul's Lair-25 Player,High King Maulgar,176,565,25,|cffa335ee|Hitem:29061:3001:24029:25897:::::70:::::::::|h[Justicar Diadem]|h|r,,1,true,Leather,Head,,High King Maulgar
Majila-Windseeker,9/14/21,20:11:46,1631682706-11,[Thundering Greathelm],28775,item:28775::::::::70,Disenchant,0,PALADIN,Magtheridon's Lair-25 Player,Magtheridon,176,544,25,|cffa335ee|Hitem:29061:3001:24029:25897:::::70:::::::::|h[Justicar Diadem]|h|r,,1,true,Plate,Head,,Magtheridon
Majila-Windseeker,9/14/21,19:31:43,1631680303-5,[Cowl of Nature's Breath],28803,item:28803::::::::70,Disenchant,0,PALADIN,Gruul's Lair-25 Player,Gruul the Dragonkiller,176,565,25,|cffa335ee|Hitem:29086:3001:30603:25897:::::70:::::::::|h[Crown of Malorne]|h|r,,1,true,Leather,Head,,Gruul the Dragonkiller
Majila-Windseeker,9/21/21,20:22:10,1632288130-7,[Hammer of the Naaru],28800,item:28800::::::::70,Disenchant,0,PALADIN,Gruul's Lair-25 Player,High King Maulgar,4,565,25,|cffa335ee|Hitem:28522:2343:::::::70:::::::::|h[Shard of the Virtuous]|h|r,|cffa335ee|Hitem:29458:2654:::::::70:::::::::|h[Aegis of the Vindicator]|h|r,1,true,Two-Handed Maces,Two-Hand,,High King Maulgar
Majila-Windseeker,9/21/21,20:34:29,1632288869-11,[Axe of the Gronn Lords],28794,item:28794::::::::70,Disenchant,0,PALADIN,Gruul's Lair-25 Player,Gruul the Dragonkiller,4,565,25,|cffa335ee|Hitem:28522:2343:::::::70:::::::::|h[Shard of the Virtuous]|h|r,|cffa335ee|Hitem:29458:2654:::::::70:::::::::|h[Aegis of the Vindicator]|h|r,1,true,Two-Handed Axes,Two-Hand,,Gruul the Dragonkiller
Majila-Windseeker,9/21/21,20:35:04,1632288904-13,[Leggings of the Fallen Champion],29766,item:29766::::::::70,Disenchant,0,PALADIN,Gruul's Lair-25 Player,Gruul the Dragonkiller,4,565,25,|cffa335ee|Hitem:28748:2746:30593:24057:24057::::70:::::::::|h[Legplates of the Innocent]|h|r,,1,true,Junk,,,Gruul the Dragonkiller
Majila-Windseeker,9/21/21,20:53:58,1632290038-15,[Totem of the Maelstrom],30023,item:30023::::::::70,Disenchant,0,PALADIN,Coilfang: Serpentshrine Cavern-25 Player,Gruul the Dragonkiller,176,548,25,,,1,true,Totems,Relic,,Gruul the Dragonkiller
Majila-Windseeker,9/21/21,21:06:01,1632290761-17,[Brighthelm of Justice],30048,item:30048::::::::70,Disenchant,0,PALADIN,Coilfang: Serpentshrine Cavern-25 Player,Hydross the Unstable,176,548,25,|cffa335ee|Hitem:29061:3001:24029:25897:::::70:::::::::|h[Justicar Diadem]|h|r,,1,true,Plate,Head,,Hydross the Unstable
Majila-Windseeker,9/21/21,21:10:43,1632291043-18,[Serpentshrine Shuriken],30025,item:30025::::::::70,Disenchant,0,PALADIN,Coilfang: Serpentshrine Cavern-25 Player,Hydross the Unstable,176,548,25,|cffa335ee|Hitem:28659::::::::70:::::::::|h[Xavian Stiletto]|h|r,,1,true,Thrown,Thrown,pass it to peg if he wants it,Hydross the Unstable
Majila-Windseeker,9/23/21,20:31:53,1632461513-1,[Choker of Animalistic Fury],30059,item:30059::::::::70,Disenchant,0,PALADIN,Coilfang: Serpentshrine Cavern-25 Player,The Lurker Below,176,548,25,|cffa335ee|Hitem:28609::::::::70:::::::::|h[Emberspur Talisman]|h|r,,1,true,Miscellaneous,Neck,,The Lurker Below
Majila-Windseeker,9/23/21,20:49:01,1632462541-3,[Totem of the Maelstrom],30023,item:30023::::::::70,Disenchant,0,PALADIN,Coilfang: Serpentshrine Cavern-25 Player,The Lurker Below,176,548,25,,,1,true,Totems,Relic,,The Lurker Below
Majila-Windseeker,9/28/21,21:01:07,1632895267-4,[Glowing Breastplate of Truth],30065,item:30065::::::::70,Disenchant,0,PALADIN,Coilfang: Serpentshrine Cavern-25 Player,The Lurker Below,176,548,25,|cffa335ee|Hitem:29062:2661:24029:24029:24029::::70:::::::::|h[Justicar Chestpiece]|h|r,,1,true,Plate,Chest,,The Lurker Below
Majila-Windseeker,9/28/21,21:43:35,1632897815-7,[Wildfury Greatstaff],30021,item:30021::::::::70,Disenchant,0,PALADIN,Coilfang: Serpentshrine Cavern-25 Player,The Lurker Below,176,548,25,|cff1eff00|Hitem:19022::::::::70:::::::::|h[Nat Pagle's Extreme Angler FC-5000]|h|r,,1,true,Staves,Two-Hand,,The Lurker Below
Majila-Windseeker,9/30/21,20:32:43,1633066363-3,[Fathom-Brooch of the Tidewalker],30663,item:30663::::::::70,Disenchant,0,PALADIN,Coilfang: Serpentshrine Cavern-25 Player,Fathom-Lord Karathress,176,548,25,|cffa335ee|Hitem:29376::::::::70:::::::::|h[Essence of the Martyr]|h|r,|cff0070dd|Hitem:28190::::::::70:::::::::|h[Scarab of the Infinite Cycle]|h|r,1,true,Miscellaneous,Trinket,,Fathom-Lord Karathress
Majila-Windseeker,9/30/21,20:44:15,1633067055-4,[Pattern: Boots of the Crimson Hawk],30307,item:30307::::::::70,Banking,0,PALADIN,Coilfang: Serpentshrine Cavern-25 Player,Fathom-Lord Karathress,176,548,25,,,2,true,Leatherworking,,,Fathom-Lord Karathress
Majila-Windseeker,10/03/21,18:22:55,1633317775-6,[Gronn-Stitched Girdle],28828,item:28828::::::::70,Disenchant,0,PALADIN,Gruul's Lair-25 Player,Gruul the Dragonkiller,4,565,25,|cffa335ee|Hitem:28733::::::::70:::::::::|h[Girdle of Truth]|h|r,,1,true,Leather,Waist,,Gruul the Dragonkiller
Majila-Windseeker,10/03/21,18:58:05,1633319885-13,[Girdle of the Endless Pit],28779,item:28779::::::::70,Disenchant,0,PALADIN,Magtheridon's Lair-25 Player,Magtheridon,4,544,25,|cffa335ee|Hitem:28733::::::::70:::::::::|h[Girdle of Truth]|h|r,,1,true,Plate,Waist,,Magtheridon
Majila-Windseeker,10/05/21,19:58:39,1633496319-4,[Earring of Soulful Meditation],30665,item:30665::::::::70,Disenchant,0,PALADIN,Coilfang: Serpentshrine Cavern-25 Player,The Lurker Below,176,548,25,|cffa335ee|Hitem:29376::::::::70:::::::::|h[Essence of the Martyr]|h|r,|cff0070dd|Hitem:28190::::::::70:::::::::|h[Scarab of the Infinite Cycle]|h|r,1,true,Miscellaneous,Trinket,,The Lurker Below
Majila-Windseeker,10/05/21,20:40:00,1633498800-9,[Wildfury Greatstaff],30021,item:30021::::::::70,Disenchant,0,PALADIN,Coilfang: Serpentshrine Cavern-25 Player,Leotheras the Blind,176,548,25,|cffa335ee|Hitem:28773:2673:::::::70:::::::::|h[Gorehowl]|h|r,,1,true,Staves,Two-Hand,,Leotheras the Blind
Majila-Windseeker,10/10/21,18:08:50,1633921730-1,[Pauldrons of the Fallen Champion],29763,item:29763::::::::70,Disenchant,0,PALADIN,Gruul's Lair-25 Player,High King Maulgar,4,565,25,|cffa335ee|Hitem:28666:2993:::::::70:::::::::|h[Pauldrons of the Justice-Seeker]|h|r,,1,true,Junk,,,High King Maulgar
Majila-Windseeker,10/10/21,18:19:33,1633922373-3,[Cowl of Nature's Breath],28803,item:28803::::::::70,Disenchant,0,PALADIN,Gruul's Lair-25 Player,Gruul the Dragonkiller,4,565,25,|cffa335ee|Hitem:29061:3001:24029:25897:::::70:::::::::|h[Justicar Diadem]|h|r,,1,true,Leather,Head,,Gruul the Dragonkiller
Majila-Windseeker,10/10/21,18:46:27,1633923987-11,[Glaive of the Pit],28774,item:28774::::::::70,Disenchant,0,PALADIN,Magtheridon's Lair-25 Player,Magtheridon,4,544,25,|cffa335ee|Hitem:28522:2343:::::::70:::::::::|h[Shard of the Virtuous]|h|r,|cffa335ee|Hitem:29458:2654:::::::70:::::::::|h[Aegis of the Vindicator]|h|r,1,true,Polearms,Two-Hand,,Magtheridon
Majila-Windseeker,10/12/21,19:03:52,1634097832-0,[Wildfury Greatstaff],30021,item:30021::::::::70,Disenchant,0,PALADIN,Coilfang: Serpentshrine Cavern-25 Player,Unknown,176,548,25,|cffa335ee|Hitem:28522:2343:::::::70:::::::::|h[Shard of the Virtuous]|h|r,|cffa335ee|Hitem:29458:2654:::::::70:::::::::|h[Aegis of the Vindicator]|h|r,1,true,Staves,Two-Hand,,Majila-Windseeker
Majila-Windseeker,10/12/21,19:37:44,1634099864-3,[Totem of the Maelstrom],30023,item:30023::::::::70,Disenchant,0,PALADIN,Coilfang: Serpentshrine Cavern-25 Player,Hydross the Unstable,176,548,25,,,1,true,Totems,Relic,,Hydross the Unstable
Majila-Windseeker,10/12/21,20:09:15,1634101755-6,[Libram of Absolute Truth],30063,item:30063::::::::70,Disenchant,0,PALADIN,Coilfang: Serpentshrine Cavern-25 Player,The Lurker Below,176,548,25,,,1,true,Librams,Relic,,The Lurker Below
Majila-Windseeker,10/12/21,20:21:47,1634102507-7,[Wildfury Greatstaff],30021,item:30021::::::::70,Disenchant,0,PALADIN,Coilfang: Serpentshrine Cavern-25 Player,The Lurker Below,176,548,25,|cff1eff00|Hitem:19022::::::::70:::::::::|h[Nat Pagle's Extreme Angler FC-5000]|h|r,,1,true,Staves,Two-Hand,,The Lurker Below
Majila-Windseeker,10/12/21,21:13:43,1634105623-11,[Pattern: Boots of Natural Grace],30305,item:30305::::::::70,Banking,0,PALADIN,Coilfang: Serpentshrine Cavern-25 Player,Leotheras the Blind,176,548,25,,,2,true,Leatherworking,,,Leotheras the Blind
Majila-Windseeker,10/12/21,21:47:54,1634107674-15,[Fire-Cord of the Magus],30020,item:30020::::::::70,Disenchant,0,PALADIN,Tempest Keep-25 Player,Fathom-Lord Karathress,176,550,25,|cffa335ee|Hitem:28733::::::::70:::::::::|h[Girdle of Truth]|h|r,,1,true,Cloth,Waist,,Fathom-Lord Karathress
Majila-Windseeker,10/14/21,20:32:56,1634275976-4,[Pauldrons of the Vanquished Champion],30248,item:30248::::::::70,Mainspec,0,PALADIN,Tempest Keep-25 Player,Void Reaver,176,550,25,|cffa335ee|Hitem:28666:2993:::::::70:::::::::|h[Pauldrons of the Justice-Seeker]|h|r,,1,false,Junk,,,Void Reaver
Majila-Windseeker,10/14/21,21:21:06,1634278866-6,[Pattern: Hurricane Boots],30308,item:30308::::::::70,Banking,0,PALADIN,Tempest Keep-25 Player,Void Reaver,176,550,25,,,2,true,Leatherworking,,,Void Reaver
Majila-Windseeker,10/14/21,21:45:33,1634280333-8,[Void Star Talisman],30449,item:30449::::::::70,Disenchant,0,PALADIN,Tempest Keep-25 Player,High Astromancer Solarian,176,550,25,|cffa335ee|Hitem:29376::::::::70:::::::::|h[Essence of the Martyr]|h|r,|cff0070dd|Hitem:28190::::::::70:::::::::|h[Scarab of the Infinite Cycle]|h|r,1,true,Miscellaneous,Trinket,,High Astromancer Solarian
Majila-Windseeker,10/17/21,18:03:38,1634526218-2,[Malefic Mask of the Shadows],28796,item:28796::::::::70,Disenchant,0,PALADIN,Gruul's Lair-25 Player,High King Maulgar,4,565,25,|cffa335ee|Hitem:29061:3001:24029:25897:::::70:::::::::|h[Justicar Diadem]|h|r,,1,true,Leather,Head,,High King Maulgar
Majila-Windseeker,10/17/21,18:39:49,1634528389-11,[Magtheridon's Head],32386,item:32386::::::::70,Mainspec (Low Priority),0,PALADIN,Magtheridon's Lair-25 Player,Magtheridon,4,544,25,,,2,false,Junk,,,Magtheridon
Majila-Windseeker,10/17/21,18:40:05,1634528405-12,[Cloak of the Pit Stalker],28777,item:28777::::::::70,Disenchant,0,PALADIN,Magtheridon's Lair-25 Player,Magtheridon,4,544,25,|cffa335ee|Hitem:28765::::::::70:::::::::|h[Stainless Cloak of the Pure Hearted]|h|r,,1,true,Cloth,Back,,Magtheridon
Majila-Windseeker,10/19/21,19:02:14,1634702534-0,[Totem of the Maelstrom],30023,item:30023::::::::70,Disenchant,0,PALADIN,Coilfang: Serpentshrine Cavern-25 Player,Unknown,176,548,25,,,1,true,Totems,Relic,,Majila-Windseeker
Majila-Windseeker,10/19/21,19:07:29,1634702849-1,[Spyglass of the Hidden Fleet],30620,item:30620::::::::70,Disenchant,0,PALADIN,Coilfang: Serpentshrine Cavern-25 Player,Unknown,176,548,25,|cffa335ee|Hitem:29376::::::::70:::::::::|h[Essence of the Martyr]|h|r,|cff0070dd|Hitem:28190::::::::70:::::::::|h[Scarab of the Infinite Cycle]|h|r,1,true,Miscellaneous,Trinket,,Majila-Windseeker
Majila-Windseeker,10/19/21,19:16:56,1634703416-2,[Pauldrons of the Wardancer],30053,item:30053::::::::70,Disenchant,0,PALADIN,Coilfang: Serpentshrine Cavern-25 Player,Hydross the Unstable,176,548,25,|cffa335ee|Hitem:30138:2993:24057:24057:::::70:::::::::|h[Crystalforge Pauldrons]|h|r,,1,true,Plate,Shoulder,,Hydross the Unstable
Majila-Windseeker,10/19/21,19:24:35,1634703875-4,[Boots of Courage Unending],30027,item:30027::::::::70,Mainspec,0,PALADIN,Coilfang: Serpentshrine Cavern-25 Player,Hydross the Unstable,176,548,25,|cffa335ee|Hitem:28569:2649:::::::70:::::::::|h[Boots of Valiance]|h|r,,1,false,Plate,Feet,,Hydross the Unstable
Majila-Windseeker,10/19/21,19:47:37,1634705257-6,[Tempest-Strider Boots],30066,item:30066::::::::70,Disenchant,0,PALADIN,Coilfang: Serpentshrine Cavern-25 Player,The Lurker Below,176,548,25,|cffa335ee|Hitem:28569:2649:::::::70:::::::::|h[Boots of Valiance]|h|r,,1,true,Mail,Feet,,The Lurker Below
Candel-Windseeker,10/03/21,18:23:46,1633317826-7,[Eye of Gruul],28823,item:28823::::::::70,Offline or RCLootCouncil not installed,0,PRIEST,Outland-,Gruul the Dragonkiller,0,530,0,,,NOTHING,false,Miscellaneous,Trinket,,Gruul the Dragonkiller
Candel-Windseeker,10/10/21,18:09:00,1633921740-2,[Belt of Divine Inspiration],28799,item:28799::::::::70,Mainspec,0,PRIEST,Gruul's Lair-25 Player,High King Maulgar,4,565,25,,,1,false,Cloth,Waist,,High King Maulgar
Candel-Windseeker,10/10/21,18:48:15,1633924095-12,[Chestguard of the Fallen Defender],29753,item:29753::::::::70,Mainspec,0,PRIEST,Outland-,Magtheridon,0,530,0,,,1,false,Junk,,,Magtheridon
Sahna-Windseeker,7/27/21,19:08:39,1627445319-1,[Pauldrons of the Fallen Hero],29762,item:29762::::::::70,Mainspec,0,MAGE,Gruul's Lair-25 Player,High King Maulgar,176,565,25,|cff0070dd|Hitem:30925::::::::70::::::::|h[Spaulders of the Torn-heart]|h|r,,1,false,Junk,,,High King Maulgar
Sahna-Windseeker,9/14/21,20:12:07,1631682727-12,[Pit Lord's Satchel],34845,item:34845::::::::70,Mainspec,0,MAGE,Magtheridon's Lair-25 Player,Magtheridon,176,544,25,,,1,false,Bag,Bag,,Magtheridon
Sahna-Windseeker,9/28/21,22:19:27,1632899967-16,[Belt of Blasting],30038,item:30038::::::::70,Awarded,0,MAGE,Outland-,Leotheras the Blind,0,530,0,|cffa335ee|Hitem:21846::31867:31867:::::70:::::::::|h[Spellfire Belt]|h|r,,AWARDED,false,Cloth,Waist,,Majila-Windseeker
Sahna-Windseeker,10/05/21,20:02:39,1633496559-5,[Pattern: Belt of Blasting],30280,item:30280::::::::70,Mainspec,0,MAGE,Coilfang: Serpentshrine Cavern-25 Player,The Lurker Below,176,548,25,,,1,false,Tailoring,,,The Lurker Below
Sahna-Windseeker,10/05/21,20:36:12,1633498572-8,[Fang of the Leviathan],30095,item:30095::::::::70,Mainspec,0,MAGE,Coilfang: Serpentshrine Cavern-25 Player,Leotheras the Blind,176,548,25,|cffa335ee|Hitem:28770:2671:::::::70:::::::::|h[Nathrezim Mindblade]|h|r,,1,false,One-Handed Swords,Main Hand,,Leotheras the Blind
Clicki-Windseeker,7/20/21,20:15:51,1626844551-9,[Pit Lord's Satchel],34845,item:34845::::::::70,Mainspec,0,SHAMAN,Magtheridon's Lair-25 Player,Magtheridon,176,544,25,,,1,false,Bag,Bag,,Magtheridon
Clicki-Windseeker,7/27/21,19:22:19,1627446139-2,[Cowl of Nature's Breath],28803,item:28803::::::::70,Minor Upgrade,0,SHAMAN,Gruul's Lair-25 Player,Gruul the Dragonkiller,176,565,25,|cff0070dd|Hitem:28348::23109::::::70::::::::|h[Moonglade Cowl]|h|r,,2,false,Leather,Head,,Gruul the Dragonkiller
Clicki-Windseeker,8/03/21,20:04:02,1628053442-7,[Magtheridon's Head],32386,item:32386::::::::70,Mainspec,0,SHAMAN,Magtheridon's Lair-25 Player,Magtheridon,176,544,25,,,1,false,Junk,,,Magtheridon
